OBJECTID,REPORTNO,STATUS,ADDRTYPE,LOCATION,COLLISIONTYPE,PERSONCOUNT,PEDCOUNT,PEDCYLCOUNT,VEHCOUNT,INJURIES,SERIOUSINJURIES,FATALITIES,INCDATE,INCDTTM,WEATHER,ROADCOND,LIGHTCOND,SPEEDING,HITPARKEDCAR,LOCATION_PROCESSED
184,REPORT184,STATUS3,ADDRTYPE3,"08886 King Oval Apt. 095
West Tracyville, WY 41110",Parked Car,1.0,1.0,0.0,3.0,1,1,0,2023-10-29,2023-09-20 03:25:08,Other,Dry,Dawn,Y,Y,"08886 King Oval Apt . 095 West Tracyville , WY 41110"
185,REPORT185,STATUS3,ADDRTYPE2,"052 Julia Fords Suite 020
South Sarahland, MT 21826",Angles,5.0,2.0,1.0,2.0,3,0,0,2023-08-31,2023-11-12 03:25:08,Clear,Sand/Mud/Dirt,Dark - Street Lights On,Y,N,"052 Julia Fords Suite 020 South Sarahland , MT 21826"
186,REPORT186,STATUS1,ADDRTYPE2,"50740 Fuentes Pike Suite 721
Jacksonshire, NM 56248",Other,3.0,1.0,0.0,1.0,2,0,0,2023-07-16,2023-05-21 03:25:08,Unknown,Dry,Dark - Street Lights Off,Y,N,"50740 Fuentes Pike Suite 721 Jacksonshire , NM 56248"
187,REPORT187,STATUS1,ADDRTYPE2,"7939 Robin Groves
Sharonside, MP 78707",Left Turn,5.0,0.0,0.0,2.0,2,0,0,2023-06-19,2023-10-17 03:25:08,Sleet/Hail/Freezing Rain,Other,Dawn,Y,N,"7939 Robin Groves Sharonside , MP 78707"
188,REPORT188,STATUS2,ADDRTYPE2,"702 Edward Valley
Watsonburgh, IA 63223",Left Turn,3.0,2.0,0.0,2.0,3,1,1,2024-01-19,2023-08-10 03:25:08,Raining,Wet,Dusk,Y,N,"702 Edward Valley Watsonburgh , IA 63223"
189,REPORT189,STATUS1,ADDRTYPE1,"96707 Melissa Hills
East Justin, PA 15840",Pedestrian,5.0,2.0,1.0,2.0,0,1,1,2023-06-03,2023-10-09 03:25:08,Severe Crosswind,Oil,Dark - Street Lights On,Y,N,"96707 Melissa Hills East Justin , PA 15840"
190,REPORT190,STATUS3,ADDRTYPE2,"1676 Katie Summit
East Brookeside, NV 21249",Rear Ended,5.0,0.0,0.0,3.0,0,1,0,2023-07-16,2023-03-19 03:25:08,Severe Crosswind,Snow/Slush,Dark - Street Lights Off,N,N,"1676 Katie Summit East Brookeside , NV 21249"
191,REPORT191,STATUS3,ADDRTYPE3,"37769 Whitney Circles
Candaceton, MA 98271",Parked Car,2.0,1.0,0.0,1.0,0,1,0,2023-03-27,2024-01-24 03:25:08,Clear,Ice,Other,Y,N,"37769 Whitney Circles Candaceton , MA 98271"
192,REPORT192,STATUS1,ADDRTYPE1,"75546 Paul Burg
West Andrew, AL 85464",Cycles,3.0,0.0,1.0,3.0,1,0,1,2024-01-24,2023-10-02 03:25:08,Other,Dry,Daylight,Y,N,"75546 Paul Burg West Andrew , AL 85464"
193,REPORT193,STATUS3,ADDRTYPE2,"38517 James Ranch
Shannonville, ND 88850",Left Turn,3.0,1.0,1.0,2.0,1,1,0,2023-09-17,2024-01-08 03:25:08,Raining,Other,Dawn,N,N,"38517 James Ranch Shannonville , ND 88850"
194,REPORT194,STATUS2,ADDRTYPE1,"0290 Shawn Forks Apt. 478
Mistyhaven, NY 72343",Left Turn,3.0,0.0,1.0,1.0,0,0,1,2023-12-25,2023-12-08 03:25:08,Fog/Smog/Smoke,Other,Dark - No Street Lights,N,N,"0290 Shawn Forks Apt . 478 Mistyhaven , NY 72343"
195,REPORT195,STATUS2,ADDRTYPE3,"0804 Shirley Wall Suite 832
East Hector, CT 92961",Cycles,5.0,2.0,0.0,1.0,3,1,0,2023-10-05,2023-04-04 03:25:08,Severe Crosswind,Unknown,Daylight,N,Y,"0804 Shirley Wall Suite 832 East Hector , CT 92961"
196,REPORT196,STATUS1,ADDRTYPE3,"4022 Reynolds Neck Suite 108
Huffmanside, KY 06948",Angles,3.0,1.0,1.0,3.0,0,1,1,2023-08-17,2024-02-08 03:25:08,Severe Crosswind,Other,Unknown,N,N,"4022 Reynolds Neck Suite 108 Huffmanside , KY 06948"
197,REPORT197,STATUS1,ADDRTYPE3,"48492 Jaime Crest
Amyport, ND 42920",Parked Car,5.0,2.0,0.0,3.0,0,0,0,2023-09-29,2023-03-30 03:25:08,Raining,Oil,Dusk,Y,Y,"48492 Jaime Crest Amyport , ND 42920"
198,REPORT198,STATUS2,ADDRTYPE1,"9241 Chelsea Avenue Suite 848
Thompsonland, AL 58006",Left Turn,1.0,2.0,1.0,2.0,1,0,0,2023-08-24,2023-04-29 03:25:08,Blowing Sand/Dirt,Dry,Unknown,N,Y,"9241 Chelsea Avenue Suite 848 Thompsonland , AL 58006"
199,REPORT199,STATUS2,ADDRTYPE1,"825 Kelsey Knoll Suite 900
Keymouth, AZ 78113",Pedestrian,2.0,0.0,1.0,2.0,3,0,1,2023-02-20,2023-12-29 03:25:08,Sleet/Hail/Freezing Rain,Standing Water,Daylight,N,Y,"825 Kelsey Knoll Suite 900 Keymouth , AZ 78113"
200,REPORT200,STATUS1,ADDRTYPE2,"4605 Osborne Vista Apt. 495
East Michaelburgh, NY 24517",Left Turn,4.0,2.0,1.0,2.0,2,1,1,2023-07-20,2023-12-25 03:25:08,Overcast,Standing Water,Unknown,N,Y,"4605 Osborne Vista Apt . 495 East Michaelburgh , NY 24517"
201,REPORT201,STATUS1,ADDRTYPE2,"3034 Newman Cove Apt. 792
South Maria, PR 42462",Sideswipe,1.0,1.0,0.0,2.0,3,1,1,2023-10-16,2023-06-29 03:25:08,,,,Y,N,"3034 Newman Cove Apt . 792 South Maria , PR 42462"
202,REPORT202,STATUS1,ADDRTYPE2,"4329 Catherine Ford
Silvashire, FL 48612",Other,3.0,2.0,1.0,1.0,1,0,0,2023-09-09,2023-04-20 03:25:08,Clear,Wet,Unknown,Y,N,"4329 Catherine Ford Silvashire , FL 48612"
203,REPORT203,STATUS3,ADDRTYPE3,"58205 Hahn Plains
Ramirezburgh, SD 05095",Angles,2.0,0.0,0.0,3.0,2,0,0,2024-01-26,2023-12-19 03:25:08,Raining,Ice,Other,N,Y,"58205 Hahn Plains Ramirezburgh , SD 05095"
204,REPORT204,STATUS1,ADDRTYPE2,"5953 Marks Inlet
Gonzalezburgh, MT 39089",Rear Ended,2.0,0.0,1.0,3.0,1,1,0,2023-11-18,2023-12-27 03:25:08,Clear,Oil,Daylight,N,N,"5953 Marks Inlet Gonzalezburgh , MT 39089"
205,REPORT205,STATUS1,ADDRTYPE1,"90274 Christina Centers
Penningtonmouth, PR 10803",Parked Car,2.0,1.0,1.0,1.0,0,0,1,2024-01-30,2023-12-09 03:25:08,Sleet/Hail/Freezing Rain,Unknown,Daylight,Y,N,"90274 Christina Centers Penningtonmouth , PR 10803"
206,REPORT206,STATUS3,ADDRTYPE2,"07076 Brown Plaza
New Lukeshire, MP 73931",Cycles,2.0,0.0,0.0,1.0,2,1,1,2024-02-19,2023-09-28 03:25:08,Blowing Sand/Dirt,Snow/Slush,Dusk,Y,N,"07076 Brown Plaza New Lukeshire , MP 73931"
207,REPORT207,STATUS2,ADDRTYPE3,"0674 Byrd Village Suite 653
New Christophermouth, WI 18434",Pedestrian,3.0,2.0,0.0,3.0,1,1,0,2024-01-24,2023-10-08 03:25:08,Unknown,Wet,Dawn,Y,N,"0674 Byrd Village Suite 653 New Christophermouth , WI 18434"
208,REPORT208,STATUS1,ADDRTYPE2,"PSC 9637, Box 0485
APO AP 88038",Angles,2.0,1.0,1.0,2.0,0,0,1,2023-03-18,2023-11-19 03:25:08,Other,Unknown,Dark - No Street Lights,Y,N,"PSC 9637 , Box 0485 APO AP 88038"
209,REPORT209,STATUS3,ADDRTYPE3,"30041 Lawson Plains Suite 403
Teresahaven, OK 87539",Sideswipe,4.0,1.0,1.0,3.0,1,0,0,2023-09-08,2024-01-03 03:25:08,Fog/Smog/Smoke,Sand/Mud/Dirt,Dark - Street Lights Off,N,Y,"30041 Lawson Plains Suite 403 Teresahaven , OK 87539"
210,REPORT210,STATUS1,ADDRTYPE3,"6013 Martin Trail
South David, MS 57082",Sideswipe,4.0,1.0,1.0,3.0,3,1,0,2023-11-03,2024-01-11 03:25:08,,,,N,N,"6013 Martin Trail South David , MS 57082"
211,REPORT211,STATUS1,ADDRTYPE3,"USS Harper
FPO AA 41800",Cycles,2.0,1.0,0.0,3.0,1,0,0,2023-09-26,2023-06-11 03:25:08,Snowing,Snow/Slush,Dark - Street Lights Off,Y,N,USS Harper FPO AA 41800
212,REPORT212,STATUS3,ADDRTYPE2,"36972 Henry Islands Suite 005
North Stacy, NM 91813",Other,5.0,1.0,0.0,1.0,3,0,1,2023-06-23,2023-08-18 03:25:08,Unknown,Ice,Unknown,N,Y,"36972 Henry Islands Suite 005 North Stacy , NM 91813"
213,REPORT213,STATUS2,ADDRTYPE1,"41046 Cruz Summit Apt. 387
Onealton, FL 59614",Sideswipe,3.0,2.0,0.0,1.0,1,0,1,2023-09-29,2023-11-05 03:25:08,Clear,Oil,Unknown,Y,Y,"41046 Cruz Summit Apt . 387 Onealton , FL 59614"
214,REPORT214,STATUS3,ADDRTYPE2,"7908 Huerta Ridge
Port Laura, PW 01806",Cycles,4.0,1.0,0.0,1.0,0,0,1,2023-04-15,2023-08-03 03:25:08,Clear,Standing Water,Unknown,N,Y,"7908 Huerta Ridge Port Laura , PW 01806"
215,REPORT215,STATUS1,ADDRTYPE3,"063 Gonzalez Vista
Sherrishire, OK 21540",Other,4.0,1.0,0.0,1.0,3,1,0,2023-12-30,2023-12-30 03:25:08,Clear,Unknown,Unknown,Y,N,"063 Gonzalez Vista Sherrishire , OK 21540"
216,REPORT216,STATUS2,ADDRTYPE2,"4512 Christopher Ford Suite 260
Jameschester, OR 32710",Angles,4.0,0.0,1.0,1.0,3,1,1,2023-07-14,2023-06-13 03:25:08,Unknown,Dry,Dark - No Street Lights,Y,Y,"4512 Christopher Ford Suite 260 Jameschester , OR 32710"
217,REPORT217,STATUS3,ADDRTYPE2,"894 Amanda Square
Angelicastad, GU 84152",Parked Car,1.0,1.0,0.0,3.0,0,1,0,2023-11-17,2024-02-08 03:25:08,,,,N,N,"894 Amanda Square Angelicastad , GU 84152"
218,REPORT218,STATUS3,ADDRTYPE2,"171 Elizabeth Isle
South Katrina, ND 68052",Angles,1.0,0.0,1.0,2.0,3,0,1,2023-10-13,2023-07-23 03:25:08,Severe Crosswind,Snow/Slush,Unknown,N,Y,"171 Elizabeth Isle South Katrina , ND 68052"
219,REPORT219,STATUS2,ADDRTYPE3,"13610 Rubio Knoll Suite 702
Amandaland, RI 70746",Cycles,4.0,2.0,1.0,1.0,1,0,1,2023-06-13,2024-01-13 03:25:08,Fog/Smog/Smoke,Oil,Daylight,Y,N,"13610 Rubio Knoll Suite 702 Amandaland , RI 70746"
220,REPORT220,STATUS1,ADDRTYPE3,"Unit 2021 Box 1337
DPO AE 59599",Parked Car,5.0,2.0,1.0,1.0,1,1,0,2023-08-17,2023-06-15 03:25:08,,,,N,N,Unit 2021 Box 1337 DPO AE 59599
221,REPORT221,STATUS3,ADDRTYPE2,"514 Espinoza Rapid
Johnburgh, WY 96864",Cycles,3.0,2.0,0.0,1.0,3,1,0,2023-09-01,2023-04-05 03:25:08,,,,N,Y,"514 Espinoza Rapid Johnburgh , WY 96864"
222,REPORT222,STATUS3,ADDRTYPE2,"5014 Jimenez Summit
New Stephenton, AR 02715",Angles,3.0,2.0,0.0,3.0,1,1,0,2023-09-17,2024-01-11 03:25:08,Sleet/Hail/Freezing Rain,Other,Dawn,N,Y,"5014 Jimenez Summit New Stephenton , AR 02715"
223,REPORT223,STATUS3,ADDRTYPE2,"56987 Brian Villages
Nicolemouth, IL 29281",Left Turn,4.0,0.0,1.0,3.0,3,1,1,2023-12-24,2023-11-04 03:25:08,Clear,Sand/Mud/Dirt,Dark - Street Lights Off,N,Y,"56987 Brian Villages Nicolemouth , IL 29281"
224,REPORT224,STATUS1,ADDRTYPE1,"5348 Marie Lights
Lake Maria, MN 27625",Left Turn,4.0,1.0,1.0,3.0,2,0,0,2024-01-01,2023-03-05 03:25:08,Fog/Smog/Smoke,Wet,Dark - No Street Lights,N,Y,"5348 Marie Lights Lake Maria , MN 27625"
225,REPORT225,STATUS3,ADDRTYPE3,"824 Daniel Streets
Estradafort, TX 34259",Angles,3.0,0.0,1.0,2.0,1,1,1,2023-03-14,2023-07-20 03:25:08,Fog/Smog/Smoke,Sand/Mud/Dirt,Dawn,N,N,"824 Daniel Streets Estradafort , TX 34259"
226,REPORT226,STATUS2,ADDRTYPE1,"0936 Marcus Forge Suite 181
Simmonsside, WA 56214",Sideswipe,5.0,2.0,1.0,2.0,3,0,0,2024-02-13,2023-08-11 03:25:08,Overcast,Wet,Dark - No Street Lights,N,N,"0936 Marcus Forge Suite 181 Simmonsside , WA 56214"
227,REPORT227,STATUS2,ADDRTYPE3,"77431 Michael Keys
Johnstonfort, PA 57970",Sideswipe,1.0,0.0,1.0,1.0,1,1,1,2023-03-07,2023-09-12 03:25:08,Fog/Smog/Smoke,Wet,Daylight,N,N,"77431 Michael Keys Johnstonfort , PA 57970"
228,REPORT228,STATUS3,ADDRTYPE2,"4804 Kristen Creek
Kimberlymouth, MT 26891",Parked Car,1.0,2.0,1.0,1.0,2,0,1,2023-05-13,2023-04-01 03:25:08,Fog/Smog/Smoke,Wet,Daylight,N,N,"4804 Kristen Creek Kimberlymouth , MT 26891"
229,REPORT229,STATUS3,ADDRTYPE1,"99272 Emily Row
Davidfort, CO 91280",Parked Car,4.0,1.0,1.0,1.0,2,1,1,2023-12-15,2023-07-04 03:25:08,Blowing Sand/Dirt,Unknown,Dark - No Street Lights,N,N,"99272 Emily Row Davidfort , CO 91280"
230,REPORT230,STATUS2,ADDRTYPE2,"PSC 3866, Box 2478
APO AP 32917",Left Turn,3.0,2.0,0.0,2.0,1,1,1,2023-09-03,2023-11-29 03:25:08,Overcast,Wet,Daylight,Y,N,"PSC 3866 , Box 2478 APO AP 32917"
231,REPORT231,STATUS2,ADDRTYPE1,"5168 Susan Flat
Jonesport, KY 84586",Other,1.0,1.0,1.0,1.0,2,1,0,2023-08-19,2023-11-19 03:25:08,Raining,Unknown,Other,Y,N,"5168 Susan Flat Jonesport , KY 84586"
232,REPORT232,STATUS3,ADDRTYPE2,"10633 Henry Crossroad Suite 883
Duncanshire, WV 48705",Angles,5.0,1.0,1.0,1.0,1,1,0,2023-08-18,2023-09-20 03:25:08,Sleet/Hail/Freezing Rain,Other,Daylight,Y,Y,"10633 Henry Crossroad Suite 883 Duncanshire , WV 48705"
233,REPORT233,STATUS2,ADDRTYPE3,"26904 Jones Ramp
Weeksbury, NY 22401",Other,4.0,0.0,0.0,3.0,0,1,1,2023-04-24,2024-02-14 03:25:08,Raining,Dry,Unknown,Y,N,"26904 Jones Ramp Weeksbury , NY 22401"
234,REPORT234,STATUS1,ADDRTYPE2,"873 Suzanne Ridges
North Peter, FL 14975",Parked Car,2.0,0.0,1.0,2.0,0,1,1,2023-05-25,2023-11-20 03:25:08,Severe Crosswind,Unknown,Dark - Street Lights Off,N,Y,"873 Suzanne Ridges North Peter , FL 14975"
235,REPORT235,STATUS1,ADDRTYPE3,"214 Jones Station
South Tamiview, MA 92885",Other,4.0,0.0,1.0,3.0,2,0,1,2023-04-16,2023-03-19 03:25:08,,,,N,N,"214 Jones Station South Tamiview , MA 92885"
236,REPORT236,STATUS1,ADDRTYPE2,"820 Villegas Stravenue
Wolfport, AK 22756",Cycles,2.0,0.0,1.0,3.0,1,1,1,2023-08-13,2023-05-05 03:25:08,Other,Ice,Dark - Street Lights Off,N,Y,"820 Villegas Stravenue Wolfport , AK 22756"
237,REPORT237,STATUS1,ADDRTYPE2,"4522 Wilson Burgs
East Lawrencefurt, WA 43766",Rear Ended,4.0,1.0,1.0,3.0,0,1,1,2023-10-21,2023-04-02 03:25:08,Unknown,Other,Unknown,N,Y,"4522 Wilson Burgs East Lawrencefurt , WA 43766"
238,REPORT238,STATUS2,ADDRTYPE3,"71400 Julia Canyon
East Daleshire, VA 51575",Left Turn,3.0,1.0,1.0,3.0,3,0,0,2023-03-24,2023-04-15 03:25:08,Other,Sand/Mud/Dirt,Unknown,N,Y,"71400 Julia Canyon East Daleshire , VA 51575"
239,REPORT239,STATUS1,ADDRTYPE3,"784 Cassidy Canyon
New Rogerton, CO 82664",Left Turn,3.0,2.0,1.0,3.0,3,1,1,2023-10-01,2024-02-03 03:25:08,Fog/Smog/Smoke,Wet,Dark - Street Lights On,N,Y,"784 Cassidy Canyon New Rogerton , CO 82664"
240,REPORT240,STATUS3,ADDRTYPE1,"9890 Mason Pass
Smithland, MN 19301",Cycles,3.0,1.0,0.0,3.0,3,1,0,2023-11-04,2023-12-21 03:25:08,Clear,Ice,Daylight,N,N,"9890 Mason Pass Smithland , MN 19301"
241,REPORT241,STATUS3,ADDRTYPE2,"USCGC Gardner
FPO AP 47759",Parked Car,3.0,0.0,0.0,3.0,1,0,0,2023-04-26,2023-08-28 03:25:08,Unknown,Snow/Slush,Dark - No Street Lights,N,N,USCGC Gardner FPO AP 47759
242,REPORT242,STATUS1,ADDRTYPE1,"USNS Wagner
FPO AA 89784",Angles,5.0,1.0,0.0,1.0,2,0,1,2023-08-07,2023-08-26 03:25:08,Unknown,Ice,Dusk,N,Y,USNS Wagner FPO AA 89784
243,REPORT243,STATUS3,ADDRTYPE1,"USS Dennis
FPO AE 23672",Angles,5.0,2.0,1.0,2.0,1,1,1,2024-01-06,2023-06-17 03:25:08,Raining,Unknown,Dark - Street Lights On,Y,N,USS Dennis FPO AE 23672
244,REPORT244,STATUS1,ADDRTYPE3,"8397 Griffin Viaduct Suite 856
North Richardbury, VI 58675",Sideswipe,2.0,0.0,0.0,3.0,2,1,1,2023-12-27,2023-04-11 03:25:08,Severe Crosswind,Snow/Slush,Dark - Street Lights Off,Y,N,"8397 Griffin Viaduct Suite 856 North Richardbury , VI 58675"
245,REPORT245,STATUS1,ADDRTYPE3,"278 Laura Square Apt. 764
Dennisland, VA 23532",Pedestrian,5.0,0.0,0.0,3.0,1,0,0,2023-12-15,2023-04-18 03:25:08,Clear,Dry,Dark - Street Lights On,N,N,"278 Laura Square Apt . 764 Dennisland , VA 23532"
246,REPORT246,STATUS1,ADDRTYPE2,"966 Regina Stravenue Suite 656
Marshville, NH 93137",Cycles,4.0,1.0,0.0,2.0,1,0,0,2023-04-03,2023-05-16 03:25:08,Unknown,Standing Water,Dark - Street Lights On,N,N,"966 Regina Stravenue Suite 656 Marshville , NH 93137"
247,REPORT247,STATUS3,ADDRTYPE1,"649 Jackson Wall Suite 459
West Robertberg, KS 49035",Pedestrian,3.0,1.0,1.0,1.0,1,1,1,2023-04-17,2024-02-17 03:25:08,Fog/Smog/Smoke,Snow/Slush,Other,Y,Y,"649 Jackson Wall Suite 459 West Robertberg , KS 49035"
248,REPORT248,STATUS3,ADDRTYPE2,"53185 Pollard River Suite 538
Brianfurt, GA 74534",Pedestrian,1.0,2.0,1.0,1.0,0,0,0,2023-12-20,2023-11-30 03:25:08,Blowing Sand/Dirt,Unknown,Other,Y,N,"53185 Pollard River Suite 538 Brianfurt , GA 74534"
249,REPORT249,STATUS1,ADDRTYPE1,"USCGC Kim
FPO AE 72325",Angles,1.0,0.0,0.0,2.0,3,1,0,2024-01-29,2023-05-28 03:25:08,Severe Crosswind,Snow/Slush,Dark - Street Lights Off,N,N,USCGC Kim FPO AE 72325
250,REPORT250,STATUS1,ADDRTYPE3,"19049 Howell Land Apt. 857
Meadowschester, WI 23137",Parked Car,1.0,1.0,0.0,2.0,3,1,0,2023-04-25,2023-10-12 03:25:08,Clear,Unknown,Other,N,N,"19049 Howell Land Apt . 857 Meadowschester , WI 23137"
251,REPORT251,STATUS1,ADDRTYPE2,"3744 Watson Isle Suite 306
Richardland, CA 10060",Left Turn,4.0,2.0,1.0,2.0,1,1,1,2023-03-21,2023-12-19 03:25:08,Clear,Other,Unknown,Y,Y,"3744 Watson Isle Suite 306 Richardland , CA 10060"
252,REPORT252,STATUS1,ADDRTYPE1,"948 Alison Stream Apt. 569
Port Tammyton, HI 20615",Angles,1.0,0.0,0.0,2.0,3,0,1,2023-11-14,2023-11-13 03:25:08,Unknown,Standing Water,Daylight,N,N,"948 Alison Stream Apt . 569 Port Tammyton , HI 20615"
253,REPORT253,STATUS2,ADDRTYPE3,"68303 Huerta Burg
Dixonfurt, IA 72937",Cycles,1.0,0.0,0.0,1.0,3,1,0,2023-11-13,2023-04-15 03:25:08,Clear,Ice,Dawn,N,Y,"68303 Huerta Burg Dixonfurt , IA 72937"
254,REPORT254,STATUS1,ADDRTYPE1,"8715 Martin Hills Suite 051
Susanborough, IL 78655",Cycles,2.0,1.0,0.0,2.0,2,1,0,2023-02-24,2024-02-04 03:25:08,Raining,Ice,Other,Y,N,"8715 Martin Hills Suite 051 Susanborough , IL 78655"
255,REPORT255,STATUS3,ADDRTYPE2,"5246 Bowman Crossroad
Vincentside, GU 70782",Left Turn,4.0,1.0,1.0,3.0,0,0,1,2023-07-06,2023-05-21 03:25:08,Clear,Snow/Slush,Other,N,N,"5246 Bowman Crossroad Vincentside , GU 70782"
256,REPORT256,STATUS1,ADDRTYPE3,"877 Wells Canyon Suite 820
New Brooke, MD 55555",Parked Car,4.0,0.0,1.0,1.0,3,0,1,2023-12-31,2024-02-08 03:25:08,Overcast,Ice,Dawn,Y,Y,"877 Wells Canyon Suite 820 New Brooke , MD 55555"
257,REPORT257,STATUS2,ADDRTYPE1,"9045 King Pike Suite 244
Johnshire, UT 84216",Parked Car,1.0,0.0,0.0,2.0,1,1,0,2024-01-12,2023-05-30 03:25:08,Sleet/Hail/Freezing Rain,Unknown,Unknown,Y,N,"9045 King Pike Suite 244 Johnshire , UT 84216"
258,REPORT258,STATUS3,ADDRTYPE1,"5447 Vance Extension Apt. 198
Port Patrick, SC 45915",Parked Car,4.0,2.0,0.0,2.0,1,0,1,2023-05-16,2023-06-02 03:25:08,Overcast,Snow/Slush,Dark - No Street Lights,Y,Y,"5447 Vance Extension Apt . 198 Port Patrick , SC 45915"
259,REPORT259,STATUS2,ADDRTYPE2,"84585 Lynch Port Apt. 856
South Jennifer, IL 17747",Pedestrian,2.0,0.0,1.0,1.0,2,1,0,2023-04-09,2023-12-03 03:25:08,Snowing,Snow/Slush,Dark - No Street Lights,Y,Y,"84585 Lynch Port Apt . 856 South Jennifer , IL 17747"
260,REPORT260,STATUS1,ADDRTYPE2,"682 King Cliffs Suite 700
Port Annamouth, MI 96428",Rear Ended,2.0,1.0,0.0,1.0,3,1,0,2023-08-28,2023-11-01 03:25:08,Clear,Sand/Mud/Dirt,Dark - Street Lights On,Y,Y,"682 King Cliffs Suite 700 Port Annamouth , MI 96428"
261,REPORT261,STATUS3,ADDRTYPE2,"671 Cameron Circles Suite 645
East Matthew, ME 29071",Angles,3.0,0.0,1.0,3.0,1,0,1,2023-09-18,2023-08-17 03:25:08,Other,Snow/Slush,Other,Y,Y,"671 Cameron Circles Suite 645 East Matthew , ME 29071"
262,REPORT262,STATUS1,ADDRTYPE3,"337 Brandon Coves
Port Justinmouth, ME 14462",Parked Car,2.0,0.0,0.0,2.0,1,0,1,2023-06-22,2023-12-23 03:25:08,Other,Wet,Other,N,N,"337 Brandon Coves Port Justinmouth , ME 14462"
263,REPORT263,STATUS3,ADDRTYPE3,"876 Parker Pike
East Crystalfort, MD 94764",Sideswipe,3.0,2.0,0.0,2.0,0,0,1,2023-11-08,2023-10-31 03:25:08,Severe Crosswind,Sand/Mud/Dirt,Dusk,N,Y,"876 Parker Pike East Crystalfort , MD 94764"
264,REPORT264,STATUS3,ADDRTYPE2,"00140 Pamela Gardens
Oneillbury, CT 33178",Parked Car,1.0,1.0,1.0,3.0,3,0,0,2023-05-22,2024-02-04 03:25:08,Unknown,Other,Unknown,Y,Y,"00140 Pamela Gardens Oneillbury , CT 33178"
265,REPORT265,STATUS3,ADDRTYPE3,"19610 Diane Manor
North Johnhaven, MD 65266",Parked Car,3.0,2.0,1.0,2.0,0,1,1,2023-12-03,2023-09-05 03:25:08,Snowing,Other,Dusk,N,Y,"19610 Diane Manor North Johnhaven , MD 65266"
266,REPORT266,STATUS2,ADDRTYPE1,"PSC 9571, Box 0686
APO AE 60473",Left Turn,3.0,1.0,1.0,3.0,0,1,0,2024-01-28,2023-12-11 03:25:08,Overcast,Other,Unknown,N,N,"PSC 9571 , Box 0686 APO AE 60473"
267,REPORT267,STATUS1,ADDRTYPE2,"2083 Chelsea Drives Suite 104
Bullockburgh, IN 06952",Other,1.0,1.0,0.0,1.0,3,0,0,2023-12-16,2023-10-30 03:25:08,,,,Y,Y,"2083 Chelsea Drives Suite 104 Bullockburgh , IN 06952"
268,REPORT268,STATUS2,ADDRTYPE3,"341 Arias Island
West Michael, DE 77312",Left Turn,3.0,1.0,0.0,3.0,0,1,1,2023-11-13,2024-01-08 03:25:08,Fog/Smog/Smoke,Sand/Mud/Dirt,Dusk,Y,N,"341 Arias Island West Michael , DE 77312"
269,REPORT269,STATUS2,ADDRTYPE3,"819 Sanders Common
Nguyenton, AR 05413",Sideswipe,2.0,1.0,1.0,1.0,3,1,0,2023-07-20,2023-03-02 03:25:08,Sleet/Hail/Freezing Rain,Unknown,Dark - Street Lights On,N,N,"819 Sanders Common Nguyenton , AR 05413"
270,REPORT270,STATUS1,ADDRTYPE2,"5718 Maureen Prairie
South Michelle, TN 12415",Angles,1.0,1.0,1.0,3.0,3,1,0,2023-05-14,2023-12-17 03:25:08,Raining,Dry,Dark - Street Lights On,N,N,"5718 Maureen Prairie South Michelle , TN 12415"
271,REPORT271,STATUS1,ADDRTYPE2,"USCGC Guzman
FPO AA 10813",Sideswipe,4.0,0.0,0.0,1.0,3,1,1,2023-02-20,2023-10-05 03:25:08,Raining,Standing Water,Dark - Street Lights Off,Y,N,USCGC Guzman FPO AA 10813
272,REPORT272,STATUS1,ADDRTYPE3,"3944 Denise Roads Suite 336
Angelaton, KS 21874",Other,3.0,0.0,0.0,1.0,0,0,1,2023-10-13,2023-10-02 03:25:08,Raining,Unknown,Dawn,N,N,"3944 Denise Roads Suite 336 Angelaton , KS 21874"
273,REPORT273,STATUS3,ADDRTYPE3,"79537 Amanda Ports
Cannonfurt, MA 49526",Sideswipe,2.0,2.0,1.0,3.0,3,0,1,2023-05-09,2023-06-18 03:25:08,,,,N,N,"79537 Amanda Ports Cannonfurt , MA 49526"
274,REPORT274,STATUS2,ADDRTYPE2,"1571 Carol Streets
Lake Deannaburgh, VI 85340",Parked Car,4.0,0.0,0.0,3.0,3,0,1,2023-08-26,2023-11-09 03:25:08,Blowing Sand/Dirt,Ice,Dusk,Y,N,"1571 Carol Streets Lake Deannaburgh , VI 85340"
275,REPORT275,STATUS2,ADDRTYPE3,"PSC 8201, Box 8834
APO AE 16516",Sideswipe,1.0,2.0,0.0,3.0,1,1,0,2023-08-16,2024-01-03 03:25:08,Unknown,Standing Water,Dusk,Y,N,"PSC 8201 , Box 8834 APO AE 16516"
276,REPORT276,STATUS2,ADDRTYPE1,"0648 Sosa Islands
East Tracytown, OK 43326",Angles,1.0,1.0,0.0,3.0,0,0,1,2023-07-05,2023-08-25 03:25:08,Sleet/Hail/Freezing Rain,Other,Dawn,N,Y,"0648 Sosa Islands East Tracytown , OK 43326"