OBJECTID,REPORTNO,STATUS,ADDRTYPE,LOCATION,COLLISIONTYPE,PERSONCOUNT,PEDCOUNT,PEDCYLCOUNT,VEHCOUNT,INJURIES,SERIOUSINJURIES,FATALITIES,INCDATE,INCDTTM,WEATHER,ROADCOND,LIGHTCOND,SPEEDING,HITPARKEDCAR,LOCATION_PROCESSED
277,REPORT277,STATUS2,ADDRTYPE3,"096 Dean Ridge
Lake Lydia, ID 14621",Parked Car,1.0,0.0,0.0,1.0,0,0,0,2023-04-03,2023-02-22 03:25:08,Other,Snow/Slush,Unknown,N,Y,"096 Dean Ridge Lake Lydia , ID 14621"
278,REPORT278,STATUS2,ADDRTYPE1,"020 Scott Island Apt. 974
South Trevormouth, NC 81341",Parked Car,2.0,1.0,0.0,2.0,3,1,0,2023-12-21,2023-05-13 03:25:08,Unknown,Ice,Dawn,N,N,"020 Scott Island Apt . 974 South Trevormouth , NC 81341"
279,REPORT279,STATUS3,ADDRTYPE1,"4189 Campbell Corner Apt. 783
Port Marissa, VA 54112",Parked Car,4.0,2.0,1.0,3.0,1,0,1,2023-07-11,2023-03-23 03:25:08,Sleet/Hail/Freezing Rain,Other,Dark - No Street Lights,N,N,"4189 Campbell Corner Apt . 783 Port Marissa , VA 54112"
280,REPORT280,STATUS1,ADDRTYPE3,"037 Contreras Burgs Apt. 068
New Robertside, OK 77960",Left Turn,1.0,0.0,0.0,3.0,1,0,0,2024-01-16,2023-09-22 03:25:08,Snowing,Oil,Other,Y,N,"037 Contreras Burgs Apt . 068 New Robertside , OK 77960"
281,REPORT281,STATUS3,ADDRTYPE3,"424 Katherine Orchard
Garyton, MA 70214",Rear Ended,2.0,0.0,0.0,3.0,2,1,0,2023-06-17,2023-06-25 03:25:08,Other,Oil,Dawn,N,Y,"424 Katherine Orchard Garyton , MA 70214"
282,REPORT282,STATUS3,ADDRTYPE2,"349 Miller Circle Suite 390
Manningtown, AS 14485",Rear Ended,5.0,2.0,0.0,3.0,2,1,1,2023-07-20,2023-06-11 03:25:08,Blowing Sand/Dirt,Snow/Slush,Unknown,Y,Y,"349 Miller Circle Suite 390 Manningtown , AS 14485"
283,REPORT283,STATUS3,ADDRTYPE1,"Unit 9937 Box 1298
DPO AA 23085",Angles,2.0,0.0,0.0,2.0,1,1,1,2023-05-27,2023-07-11 03:25:08,Snowing,Wet,Dark - No Street Lights,N,Y,Unit 9937 Box 1298 DPO AA 23085
284,REPORT284,STATUS1,ADDRTYPE3,"48013 Diane Center Suite 194
West Roberto, NC 62963",Rear Ended,5.0,2.0,1.0,2.0,0,1,1,2023-06-07,2023-06-02 03:25:08,Unknown,Oil,Dark - Street Lights Off,Y,N,"48013 Diane Center Suite 194 West Roberto , NC 62963"
285,REPORT285,STATUS1,ADDRTYPE1,"5968 Aaron Extensions Suite 013
Micheleton, PR 52108",Sideswipe,4.0,2.0,1.0,3.0,0,1,1,2024-02-08,2023-07-30 03:25:08,Blowing Sand/Dirt,Ice,Dark - No Street Lights,Y,N,"5968 Aaron Extensions Suite 013 Micheleton , PR 52108"
286,REPORT286,STATUS2,ADDRTYPE2,"2810 Vanessa Fort Suite 791
Guzmanborough, UT 25241",Other,1.0,0.0,1.0,2.0,3,1,0,2023-11-26,2023-11-13 03:25:08,,,,N,N,"2810 Vanessa Fort Suite 791 Guzmanborough , UT 25241"
287,REPORT287,STATUS3,ADDRTYPE1,"40299 Medina Parkway
Langstad, GA 41664",Pedestrian,1.0,0.0,1.0,2.0,2,1,0,2023-04-19,2023-10-14 03:25:08,Other,Ice,Daylight,N,N,"40299 Medina Parkway Langstad , GA 41664"
288,REPORT288,STATUS2,ADDRTYPE3,"046 Michael Camp Suite 538
Edwardhaven, PR 16781",Rear Ended,3.0,2.0,1.0,3.0,1,0,0,2023-10-02,2023-11-23 03:25:08,Blowing Sand/Dirt,Sand/Mud/Dirt,Dark - Street Lights Off,N,Y,"046 Michael Camp Suite 538 Edwardhaven , PR 16781"
289,REPORT289,STATUS1,ADDRTYPE3,"59703 Potter Greens
East Wesley, PA 37405",Cycles,1.0,1.0,0.0,3.0,3,0,1,2023-02-28,2023-11-10 03:25:08,Blowing Sand/Dirt,Snow/Slush,Daylight,Y,Y,"59703 Potter Greens East Wesley , PA 37405"
290,REPORT290,STATUS1,ADDRTYPE1,"236 Kenneth Ridges Apt. 689
Port Davidmouth, AL 42519",Sideswipe,4.0,1.0,0.0,3.0,0,0,0,2023-12-15,2023-03-05 03:25:08,Raining,Dry,Dusk,Y,Y,"236 Kenneth Ridges Apt . 689 Port Davidmouth , AL 42519"
291,REPORT291,STATUS1,ADDRTYPE2,"8774 Kyle Mills Apt. 211
North Mariaburgh, NY 10463",Sideswipe,2.0,0.0,0.0,2.0,3,0,1,2023-09-24,2023-09-29 03:25:08,Clear,Wet,Unknown,N,Y,"8774 Kyle Mills Apt . 211 North Mariaburgh , NY 10463"
292,REPORT292,STATUS1,ADDRTYPE1,"3419 Richard Street Suite 192
Banksshire, ND 98316",Cycles,4.0,0.0,0.0,1.0,3,1,1,2024-01-27,2023-08-02 03:25:08,Other,Oil,Daylight,Y,N,"3419 Richard Street Suite 192 Banksshire , ND 98316"
293,REPORT293,STATUS3,ADDRTYPE3,"26734 Yoder Inlet Suite 980
Phillipstad, GU 52089",Other,1.0,1.0,1.0,3.0,1,0,0,2023-05-06,2023-12-29 03:25:08,Fog/Smog/Smoke,Unknown,Unknown,N,N,"26734 Yoder Inlet Suite 980 Phillipstad , GU 52089"
294,REPORT294,STATUS2,ADDRTYPE2,"88747 Johnson Overpass
West David, AL 00696",Pedestrian,2.0,2.0,1.0,3.0,3,1,0,2024-01-19,2023-04-27 03:25:08,Severe Crosswind,Sand/Mud/Dirt,Daylight,N,N,"88747 Johnson Overpass West David , AL 00696"
295,REPORT295,STATUS1,ADDRTYPE1,"280 Cameron Hills
East Joshuaborough, MT 11280",Sideswipe,4.0,2.0,1.0,2.0,1,0,0,2023-03-01,2023-04-25 03:25:08,Sleet/Hail/Freezing Rain,Unknown,Dusk,Y,Y,"280 Cameron Hills East Joshuaborough , MT 11280"
296,REPORT296,STATUS2,ADDRTYPE1,"8119 Tucker Union Suite 320
Davidside, AK 03006",Cycles,1.0,1.0,1.0,3.0,2,0,0,2023-11-14,2023-09-13 03:25:08,Snowing,Sand/Mud/Dirt,Unknown,N,Y,"8119 Tucker Union Suite 320 Davidside , AK 03006"
297,REPORT297,STATUS1,ADDRTYPE2,"048 Gibson Heights
East Jaredburgh, VA 96714",Angles,1.0,0.0,0.0,3.0,3,1,0,2023-07-31,2023-11-27 03:25:08,Raining,Other,Dark - Street Lights Off,Y,Y,"048 Gibson Heights East Jaredburgh , VA 96714"
298,REPORT298,STATUS2,ADDRTYPE1,"124 Hernandez Lakes Suite 499
New Meghanmouth, CT 40521",Rear Ended,1.0,0.0,0.0,3.0,0,0,1,2023-06-11,2023-11-06 03:25:08,Unknown,Other,Dark - No Street Lights,N,N,"124 Hernandez Lakes Suite 499 New Meghanmouth , CT 40521"
299,REPORT299,STATUS2,ADDRTYPE2,"9617 Young Park
Ramseyburgh, ND 87363",Parked Car,3.0,0.0,1.0,2.0,0,0,0,2023-03-06,2023-06-15 03:25:08,Overcast,Standing Water,Daylight,N,Y,"9617 Young Park Ramseyburgh , ND 87363"
300,REPORT300,STATUS1,ADDRTYPE2,"076 Veronica Village
Frankborough, SD 52236",Cycles,3.0,1.0,1.0,2.0,3,0,1,2023-05-23,2023-07-13 03:25:08,Blowing Sand/Dirt,Dry,Other,N,Y,"076 Veronica Village Frankborough , SD 52236"
301,REPORT301,STATUS1,ADDRTYPE2,"315 Campbell Port
Allisonberg, AZ 02012",Pedestrian,3.0,1.0,0.0,1.0,2,1,0,2023-06-02,2023-07-06 03:25:08,Unknown,Other,Other,Y,Y,"315 Campbell Port Allisonberg , AZ 02012"
302,REPORT302,STATUS2,ADDRTYPE2,"Unit 4658 Box 9305
DPO AP 12303",Cycles,2.0,1.0,1.0,3.0,0,1,0,2024-01-12,2023-07-18 03:25:08,Snowing,Wet,Dark - No Street Lights,Y,N,Unit 4658 Box 9305 DPO AP 12303
303,REPORT303,STATUS3,ADDRTYPE1,"7823 Hall Harbor
Jasonberg, IL 23033",Cycles,4.0,2.0,0.0,1.0,2,1,0,2023-11-27,2023-04-20 03:25:08,,,,N,Y,"7823 Hall Harbor Jasonberg , IL 23033"
304,REPORT304,STATUS1,ADDRTYPE1,"7844 Sanchez Brook Apt. 447
Lisashire, CT 65040",Other,2.0,2.0,1.0,3.0,3,1,1,2023-07-10,2023-10-03 03:25:08,Unknown,Dry,Dark - Street Lights Off,N,N,"7844 Sanchez Brook Apt . 447 Lisashire , CT 65040"
305,REPORT305,STATUS1,ADDRTYPE3,"Unit 8281 Box 4104
DPO AE 05865",Left Turn,2.0,2.0,0.0,2.0,2,1,0,2023-06-04,2023-09-09 03:25:08,Raining,Unknown,Other,N,Y,Unit 8281 Box 4104 DPO AE 05865
306,REPORT306,STATUS3,ADDRTYPE2,"2061 Kevin Shores
South Amandaside, AL 22612",Parked Car,1.0,2.0,0.0,1.0,1,1,1,2023-08-07,2023-04-07 03:25:08,Other,Standing Water,Dusk,Y,N,"2061 Kevin Shores South Amandaside , AL 22612"
307,REPORT307,STATUS3,ADDRTYPE3,"9779 Moreno Branch
Smithtown, CA 33140",Left Turn,5.0,1.0,1.0,1.0,0,1,1,2023-05-08,2023-12-26 03:25:08,,,,N,N,"9779 Moreno Branch Smithtown , CA 33140"
308,REPORT308,STATUS1,ADDRTYPE3,"1166 Victor Viaduct Suite 519
Andersonport, IL 11907",Left Turn,5.0,1.0,1.0,1.0,2,1,0,2023-08-04,2023-04-15 03:25:08,Clear,Other,Dawn,N,Y,"1166 Victor Viaduct Suite 519 Andersonport , IL 11907"
309,REPORT309,STATUS1,ADDRTYPE1,"551 Nichols Brook
Port Crystalville, AR 02534",Left Turn,1.0,2.0,0.0,1.0,0,0,0,2023-07-29,2023-08-07 03:25:08,Unknown,Other,Other,Y,Y,"551 Nichols Brook Port Crystalville , AR 02534"
310,REPORT310,STATUS1,ADDRTYPE1,"Unit 6839 Box 6532
DPO AE 65701",Pedestrian,5.0,0.0,1.0,2.0,2,0,0,2023-04-15,2023-07-15 03:25:08,Sleet/Hail/Freezing Rain,Wet,Dark - Street Lights On,Y,Y,Unit 6839 Box 6532 DPO AE 65701
311,REPORT311,STATUS1,ADDRTYPE1,"0331 Kristina Mount
Montgomerytown, MH 14644",Parked Car,2.0,1.0,1.0,3.0,0,0,0,2023-10-03,2023-11-09 03:25:08,Sleet/Hail/Freezing Rain,Unknown,Dawn,N,Y,"0331 Kristina Mount Montgomerytown , MH 14644"
312,REPORT312,STATUS2,ADDRTYPE1,"198 Christopher Valley
North Mitchellshire, PR 82054",Left Turn,4.0,1.0,1.0,1.0,0,0,1,2023-11-06,2023-05-05 03:25:08,Raining,Other,Dark - No Street Lights,N,Y,"198 Christopher Valley North Mitchellshire , PR 82054"
313,REPORT313,STATUS2,ADDRTYPE3,"020 Bryan Terrace
East Johnmouth, CO 26717",Angles,3.0,1.0,1.0,3.0,3,0,0,2023-11-17,2023-08-23 03:25:08,Clear,Snow/Slush,Dark - No Street Lights,N,N,"020 Bryan Terrace East Johnmouth , CO 26717"
314,REPORT314,STATUS2,ADDRTYPE2,"576 Cabrera Mount
South Samuel, CA 83752",Left Turn,2.0,0.0,1.0,1.0,2,0,0,2024-02-18,2023-08-12 03:25:08,Sleet/Hail/Freezing Rain,Unknown,Unknown,Y,N,"576 Cabrera Mount South Samuel , CA 83752"
315,REPORT315,STATUS1,ADDRTYPE3,"7120 Kevin Estate
South Katiefort, IL 57811",Other,2.0,0.0,0.0,3.0,3,0,1,2023-11-30,2023-04-02 03:25:08,Clear,Sand/Mud/Dirt,Dawn,Y,Y,"7120 Kevin Estate South Katiefort , IL 57811"
316,REPORT316,STATUS2,ADDRTYPE3,"USCGC Carter
FPO AP 48218",Cycles,4.0,1.0,1.0,2.0,0,0,1,2023-05-03,2024-01-18 03:25:08,Snowing,Oil,Dark - No Street Lights,N,Y,USCGC Carter FPO AP 48218
317,REPORT317,STATUS1,ADDRTYPE1,"701 Michael Lake Apt. 741
Davismouth, GU 00697",Angles,5.0,0.0,1.0,2.0,2,0,1,2023-10-31,2023-07-04 03:25:08,Snowing,Unknown,Other,Y,N,"701 Michael Lake Apt . 741 Davismouth , GU 00697"
318,REPORT318,STATUS1,ADDRTYPE2,"141 Jessica Square Apt. 059
Lake Calvinview, MH 91424",Sideswipe,4.0,0.0,1.0,1.0,2,0,0,2023-04-22,2023-11-26 03:25:08,Severe Crosswind,Dry,Other,N,Y,"141 Jessica Square Apt . 059 Lake Calvinview , MH 91424"
319,REPORT319,STATUS2,ADDRTYPE3,"Unit 0031 Box 8698
DPO AP 79363",Cycles,2.0,0.0,0.0,2.0,1,1,0,2023-02-28,2024-02-02 03:25:08,Fog/Smog/Smoke,Sand/Mud/Dirt,Dark - Street Lights On,N,N,Unit 0031 Box 8698 DPO AP 79363
320,REPORT320,STATUS1,ADDRTYPE1,"2115 Hall Harbors Suite 315
East Stevenbury, FL 59338",Other,1.0,2.0,1.0,2.0,0,0,0,2024-02-15,2023-06-03 03:25:08,Snowing,Sand/Mud/Dirt,Dark - No Street Lights,N,Y,"2115 Hall Harbors Suite 315 East Stevenbury , FL 59338"
321,REPORT321,STATUS2,ADDRTYPE1,"63443 Brett Cliff Suite 021
Snyderview, WY 46430",Parked Car,1.0,0.0,0.0,3.0,1,0,1,2023-06-02,2023-10-13 03:25:08,Raining,Standing Water,Dawn,N,Y,"63443 Brett Cliff Suite 021 Snyderview , WY 46430"
322,REPORT322,STATUS2,ADDRTYPE2,"72906 Cynthia Summit Suite 730
New Josephmouth, NE 82947",Angles,2.0,0.0,1.0,3.0,1,1,0,2023-07-01,2023-04-25 03:25:08,Clear,Standing Water,Dark - Street Lights On,N,N,"72906 Cynthia Summit Suite 730 New Josephmouth , NE 82947"
323,REPORT323,STATUS2,ADDRTYPE3,"74387 Jason Pike Apt. 187
New Davidport, ID 20030",Rear Ended,1.0,2.0,0.0,1.0,2,0,0,2023-06-07,2023-07-25 03:25:08,Snowing,Sand/Mud/Dirt,Dark - No Street Lights,Y,N,"74387 Jason Pike Apt . 187 New Davidport , ID 20030"
324,REPORT324,STATUS2,ADDRTYPE2,"USS Andersen
FPO AP 57234",Sideswipe,5.0,0.0,1.0,1.0,1,0,1,2023-02-22,2023-09-22 03:25:08,,,,Y,N,USS Andersen FPO AP 57234
325,REPORT325,STATUS2,ADDRTYPE2,"178 Mcdaniel Loaf
Katelynmouth, MN 91464",Pedestrian,4.0,2.0,0.0,3.0,0,1,0,2023-05-27,2023-04-16 03:25:08,Fog/Smog/Smoke,Snow/Slush,Daylight,N,N,"178 Mcdaniel Loaf Katelynmouth , MN 91464"
326,REPORT326,STATUS3,ADDRTYPE2,"6107 Mccullough Ford
Stephanieborough, HI 44934",Pedestrian,3.0,2.0,0.0,1.0,3,1,0,2023-10-10,2023-03-26 03:25:08,Sleet/Hail/Freezing Rain,Other,Unknown,Y,N,"6107 Mccullough Ford Stephanieborough , HI 44934"
327,REPORT327,STATUS3,ADDRTYPE3,"USNS Smith
FPO AA 69040",Other,4.0,0.0,1.0,3.0,1,0,0,2023-09-17,2023-05-24 03:25:08,Clear,Other,Dark - Street Lights On,Y,N,USNS Smith FPO AA 69040
328,REPORT328,STATUS3,ADDRTYPE1,"858 Lisa Rapid Apt. 344
Mcgrathmouth, GA 23481",Parked Car,3.0,0.0,1.0,2.0,1,1,0,2023-10-30,2023-08-23 03:25:08,Fog/Smog/Smoke,Sand/Mud/Dirt,Dusk,Y,N,"858 Lisa Rapid Apt . 344 Mcgrathmouth , GA 23481"
329,REPORT329,STATUS3,ADDRTYPE2,"8507 Mark Park
East Robert, MS 33752",Left Turn,2.0,1.0,1.0,2.0,2,1,1,2023-09-21,2023-07-31 03:25:08,Fog/Smog/Smoke,Standing Water,Other,N,Y,"8507 Mark Park East Robert , MS 33752"
330,REPORT330,STATUS3,ADDRTYPE2,"6481 Breanna Shore
East Jameshaven, NJ 15779",Left Turn,2.0,2.0,0.0,1.0,2,0,0,2023-02-22,2024-02-04 03:25:08,Sleet/Hail/Freezing Rain,Snow/Slush,Dark - Street Lights On,N,N,"6481 Breanna Shore East Jameshaven , NJ 15779"
331,REPORT331,STATUS2,ADDRTYPE3,"6207 Riggs Summit Apt. 066
Adrianchester, AS 49207",Other,3.0,2.0,1.0,2.0,2,0,0,2023-10-05,2023-12-23 03:25:08,Clear,Dry,Dark - Street Lights On,Y,Y,"6207 Riggs Summit Apt . 066 Adrianchester , AS 49207"
332,REPORT332,STATUS1,ADDRTYPE3,"812 Jensen Way
West Brian, IL 43597",Parked Car,1.0,0.0,0.0,2.0,3,0,1,2023-05-13,2023-11-19 03:25:08,Unknown,Ice,Dawn,N,Y,"812 Jensen Way West Brian , IL 43597"
333,REPORT333,STATUS1,ADDRTYPE1,"240 Alexander Shoal
Jonesville, MH 20914",Cycles,2.0,1.0,1.0,3.0,2,0,0,2023-12-21,2023-09-07 03:25:08,Unknown,Oil,Unknown,Y,Y,"240 Alexander Shoal Jonesville , MH 20914"
334,REPORT334,STATUS2,ADDRTYPE1,"69352 Hunter Oval Suite 219
North Benjaminfort, KY 74995",Cycles,5.0,2.0,0.0,3.0,0,1,0,2023-11-24,2023-07-15 03:25:08,Fog/Smog/Smoke,Wet,Dark - No Street Lights,N,N,"69352 Hunter Oval Suite 219 North Benjaminfort , KY 74995"
335,REPORT335,STATUS1,ADDRTYPE2,"706 Byrd Plains Apt. 371
Michellebury, MI 85518",Cycles,5.0,1.0,1.0,2.0,0,1,0,2023-10-28,2023-11-16 03:25:08,Overcast,Standing Water,Dawn,Y,N,"706 Byrd Plains Apt . 371 Michellebury , MI 85518"
336,REPORT336,STATUS1,ADDRTYPE2,"447 Richard Roads
Michaelport, CO 09146",Sideswipe,5.0,2.0,1.0,1.0,2,1,0,2024-01-27,2023-08-20 03:25:08,Fog/Smog/Smoke,Standing Water,Other,N,N,"447 Richard Roads Michaelport , CO 09146"
337,REPORT337,STATUS3,ADDRTYPE3,"33244 Michael Prairie Suite 447
Allenside, OR 57866",Cycles,5.0,2.0,0.0,1.0,2,0,0,2023-05-22,2023-10-17 03:25:08,Blowing Sand/Dirt,Snow/Slush,Dark - Street Lights Off,Y,N,"33244 Michael Prairie Suite 447 Allenside , OR 57866"
338,REPORT338,STATUS3,ADDRTYPE2,"23749 Jon Road Apt. 607
Raymouth, NC 44909",Rear Ended,3.0,0.0,0.0,3.0,3,1,0,2023-10-21,2024-01-13 03:25:08,,,,N,N,"23749 Jon Road Apt . 607 Raymouth , NC 44909"
339,REPORT339,STATUS3,ADDRTYPE3,"030 Ashley Wells
Johnsonhaven, UT 78203",Angles,1.0,2.0,1.0,2.0,3,0,0,2023-09-23,2023-11-01 03:25:08,Snowing,Dry,Unknown,N,N,"030 Ashley Wells Johnsonhaven , UT 78203"
340,REPORT340,STATUS1,ADDRTYPE2,"70729 Padilla Freeway Apt. 189
West Kathrynton, MD 65027",Pedestrian,3.0,0.0,1.0,2.0,0,0,1,2024-01-30,2023-03-20 03:25:08,Clear,Unknown,Dark - Street Lights Off,N,N,"70729 Padilla Freeway Apt . 189 West Kathrynton , MD 65027"
341,REPORT341,STATUS3,ADDRTYPE3,"48937 Taylor Lakes
New Jessicafort, RI 49293",Cycles,2.0,2.0,1.0,2.0,3,1,0,2023-03-29,2023-08-13 03:25:08,Blowing Sand/Dirt,Oil,Dusk,Y,Y,"48937 Taylor Lakes New Jessicafort , RI 49293"
342,REPORT342,STATUS2,ADDRTYPE2,"82711 Henry Path Suite 078
Seanburgh, CT 34905",Other,5.0,0.0,0.0,3.0,2,1,1,2023-12-06,2023-08-13 03:25:08,Other,Unknown,Unknown,N,N,"82711 Henry Path Suite 078 Seanburgh , CT 34905"
343,REPORT343,STATUS1,ADDRTYPE2,"94383 Steve Walk
New Amy, NV 76928",Other,5.0,2.0,1.0,3.0,3,0,1,2023-09-30,2023-12-07 03:25:08,Clear,Snow/Slush,Dusk,N,N,"94383 Steve Walk New Amy , NV 76928"
344,REPORT344,STATUS1,ADDRTYPE2,"647 Danielle Well
Port Bryanport, HI 12118",Left Turn,5.0,0.0,0.0,3.0,2,1,0,2023-12-13,2023-09-12 03:25:08,Severe Crosswind,Oil,Daylight,Y,Y,"647 Danielle Well Port Bryanport , HI 12118"
345,REPORT345,STATUS3,ADDRTYPE1,"547 Luis Spring
Proctormouth, KS 17289",Rear Ended,2.0,0.0,0.0,1.0,0,0,0,2023-10-04,2023-12-19 03:25:08,Other,Ice,Dusk,N,Y,"547 Luis Spring Proctormouth , KS 17289"
346,REPORT346,STATUS2,ADDRTYPE2,"30932 Strong Squares Apt. 210
South Danielshire, VI 64879",Rear Ended,4.0,2.0,1.0,1.0,1,0,1,2024-01-24,2024-02-15 03:25:08,Snowing,Unknown,Dark - No Street Lights,Y,Y,"30932 Strong Squares Apt . 210 South Danielshire , VI 64879"
347,REPORT347,STATUS3,ADDRTYPE2,"9240 Ashley Mission Apt. 786
Tammyshire, WI 91626",Sideswipe,3.0,0.0,0.0,1.0,3,1,1,2023-03-28,2023-09-09 03:25:08,Severe Crosswind,Unknown,Unknown,N,Y,"9240 Ashley Mission Apt . 786 Tammyshire , WI 91626"
348,REPORT348,STATUS3,ADDRTYPE1,"264 Johnny Place
South Kristinton, IN 77144",Cycles,1.0,1.0,0.0,2.0,0,1,0,2023-10-15,2023-03-04 03:25:08,Unknown,Other,Daylight,Y,Y,"264 Johnny Place South Kristinton , IN 77144"
349,REPORT349,STATUS1,ADDRTYPE1,"0791 Kyle Summit Apt. 493
Lake Joshuachester, GA 57823",Cycles,2.0,1.0,0.0,2.0,0,1,0,2023-11-04,2024-02-14 03:25:08,Clear,Dry,Dark - No Street Lights,N,N,"0791 Kyle Summit Apt . 493 Lake Joshuachester , GA 57823"
350,REPORT350,STATUS1,ADDRTYPE2,"Unit 0277 Box 2097
DPO AE 53724",Sideswipe,4.0,1.0,1.0,3.0,3,1,0,2023-05-22,2023-09-04 03:25:08,Other,Wet,Dusk,Y,Y,Unit 0277 Box 2097 DPO AE 53724
351,REPORT351,STATUS3,ADDRTYPE3,"78670 Wallace Station Suite 117
Lake Jeffreyfort, AZ 11962",Rear Ended,4.0,0.0,0.0,2.0,1,0,0,2023-12-22,2023-11-02 03:25:08,Severe Crosswind,Snow/Slush,Unknown,Y,Y,"78670 Wallace Station Suite 117 Lake Jeffreyfort , AZ 11962"
352,REPORT352,STATUS1,ADDRTYPE2,"7324 Arias Ridge
Lake Lori, KS 94407",Angles,1.0,2.0,0.0,2.0,2,1,1,2024-02-19,2023-06-26 03:25:08,Fog/Smog/Smoke,Unknown,Dark - No Street Lights,Y,N,"7324 Arias Ridge Lake Lori , KS 94407"
353,REPORT353,STATUS1,ADDRTYPE3,"18723 Ronald Ridges Apt. 131
Port Gregoryside, LA 11968",Pedestrian,2.0,1.0,0.0,1.0,0,1,1,2023-03-24,2023-05-05 03:25:08,Fog/Smog/Smoke,Other,Unknown,N,N,"18723 Ronald Ridges Apt . 131 Port Gregoryside , LA 11968"
354,REPORT354,STATUS1,ADDRTYPE2,"0931 Kim Orchard
Joshuaberg, MS 98135",Parked Car,4.0,1.0,0.0,3.0,0,1,0,2023-08-26,2023-09-08 03:25:08,Clear,Sand/Mud/Dirt,Dark - Street Lights On,N,N,"0931 Kim Orchard Joshuaberg , MS 98135"
355,REPORT355,STATUS3,ADDRTYPE3,"2363 Dougherty Unions Apt. 482
Johnsonchester, SC 48643",Sideswipe,5.0,2.0,1.0,1.0,1,1,0,2023-04-02,2023-10-23 03:25:08,Raining,Standing Water,Unknown,N,N,"2363 Dougherty Unions Apt . 482 Johnsonchester , SC 48643"
356,REPORT356,STATUS1,ADDRTYPE2,"5798 Johnny Light Suite 966
Port Johnny, DE 26612",Left Turn,1.0,0.0,0.0,2.0,2,0,1,2023-04-16,2023-05-08 03:25:08,Blowing Sand/Dirt,Unknown,Dusk,Y,N,"5798 Johnny Light Suite 966 Port Johnny , DE 26612"
357,REPORT357,STATUS3,ADDRTYPE1,"9267 Mitchell River Apt. 335
Jennifermouth, MT 09650",Pedestrian,5.0,0.0,0.0,1.0,0,0,1,2023-08-15,2024-01-17 03:25:08,Fog/Smog/Smoke,Sand/Mud/Dirt,Unknown,N,N,"9267 Mitchell River Apt . 335 Jennifermouth , MT 09650"
358,REPORT358,STATUS1,ADDRTYPE3,"1831 Kevin Trail
North Robertberg, DE 65044",Left Turn,1.0,2.0,0.0,3.0,1,0,0,2023-09-06,2023-08-06 03:25:08,Snowing,Dry,Dark - Street Lights Off,N,Y,"1831 Kevin Trail North Robertberg , DE 65044"
359,REPORT359,STATUS2,ADDRTYPE2,"68329 Caleb Extensions Apt. 683
Port Davidmouth, WV 77870",Rear Ended,3.0,2.0,0.0,2.0,3,1,1,2024-01-08,2023-09-27 03:25:08,Blowing Sand/Dirt,Unknown,Dusk,N,Y,"68329 Caleb Extensions Apt . 683 Port Davidmouth , WV 77870"
360,REPORT360,STATUS1,ADDRTYPE2,"USCGC Wilson
FPO AP 21883",Pedestrian,3.0,2.0,1.0,3.0,1,1,0,2023-02-23,2023-04-17 03:25:08,Sleet/Hail/Freezing Rain,Ice,Dawn,N,Y,USCGC Wilson FPO AP 21883
361,REPORT361,STATUS3,ADDRTYPE1,"881 Douglas Loop
West Dana, DC 48656",Rear Ended,2.0,0.0,0.0,2.0,1,0,1,2023-05-14,2023-11-03 03:25:08,Fog/Smog/Smoke,Unknown,Daylight,Y,N,"881 Douglas Loop West Dana , DC 48656"
362,REPORT362,STATUS1,ADDRTYPE3,"50499 Baker Ranch
Markberg, MN 89189",Other,4.0,1.0,0.0,2.0,0,1,0,2023-10-07,2023-05-26 03:25:08,Severe Crosswind,Snow/Slush,Dark - Street Lights Off,Y,Y,"50499 Baker Ranch Markberg , MN 89189"
363,REPORT363,STATUS3,ADDRTYPE3,"212 Nicole Light
South Tara, FM 80589",Left Turn,5.0,1.0,1.0,2.0,2,1,0,2023-12-13,2023-10-31 03:25:08,Severe Crosswind,Snow/Slush,Dawn,Y,N,"212 Nicole Light South Tara , FM 80589"
364,REPORT364,STATUS3,ADDRTYPE3,"PSC 4999, Box 3759
APO AA 72574",Sideswipe,4.0,2.0,1.0,3.0,3,1,1,2023-07-25,2023-12-29 03:25:08,Blowing Sand/Dirt,Wet,Dark - Street Lights Off,N,Y,"PSC 4999 , Box 3759 APO AA 72574"
365,REPORT365,STATUS1,ADDRTYPE1,"6253 Scott Squares
Allenport, MN 84465",Angles,3.0,0.0,1.0,1.0,1,0,1,2023-04-12,2023-05-08 03:25:08,Snowing,Unknown,Dark - Street Lights Off,Y,N,"6253 Scott Squares Allenport , MN 84465"
366,REPORT366,STATUS3,ADDRTYPE3,"4452 Mcdonald Valleys
North Lisa, OH 20069",Pedestrian,5.0,2.0,1.0,3.0,3,1,0,2023-09-22,2023-09-30 03:25:08,Overcast,Ice,Other,Y,N,"4452 Mcdonald Valleys North Lisa , OH 20069"