OBJECTID,REPORTNO,STATUS,ADDRTYPE,LOCATION,COLLISIONTYPE,PERSONCOUNT,PEDCOUNT,PEDCYLCOUNT,VEHCOUNT,INJURIES,SERIOUSINJURIES,FATALITIES,INCDATE,INCDTTM,WEATHER,ROADCOND,LIGHTCOND,SPEEDING,HITPARKEDCAR,LOCATION_PROCESSED
457,REPORT457,STATUS1,ADDRTYPE3,"5136 Amanda Manors
West William, MA 18834",Sideswipe,1.0,1.0,1.0,1.0,0,0,1,2023-08-30,2023-12-25 03:25:08,Other,Snow/Slush,Dark - Street Lights On,Y,Y,"5136 Amanda Manors West William , MA 18834"
458,REPORT458,STATUS1,ADDRTYPE2,"5006 Thompson Rapids
South Curtis, CA 62724",Rear Ended,1.0,2.0,0.0,3.0,3,1,1,2023-02-22,2024-01-26 03:25:08,Severe Crosswind,Wet,Dark - Street Lights On,Y,Y,"5006 Thompson Rapids South Curtis , CA 62724"
459,REPORT459,STATUS1,ADDRTYPE1,"707 Wendy Route
Nicholastown, ID 06163",Sideswipe,2.0,1.0,1.0,2.0,0,1,0,2024-01-07,2023-09-17 03:25:08,Other,Sand/Mud/Dirt,Dark - Street Lights On,Y,Y,"707 Wendy Route Nicholastown , ID 06163"
460,REPORT460,STATUS3,ADDRTYPE1,"67806 Ryan Manors
West Ambermouth, FL 61400",Angles,1.0,1.0,1.0,3.0,3,1,1,2023-11-08,2024-01-12 03:25:08,,,,Y,Y,"67806 Ryan Manors West Ambermouth , FL 61400"
461,REPORT461,STATUS1,ADDRTYPE1,"PSC 1921, Box 3639
APO AA 86067",Left Turn,4.0,2.0,1.0,1.0,1,1,1,2023-12-10,2023-10-07 03:25:08,Raining,Other,Dusk,N,Y,"PSC 1921 , Box 3639 APO AA 86067"
462,REPORT462,STATUS3,ADDRTYPE1,"454 Lee Mountains Suite 833
East Laura, GU 78328",Cycles,3.0,0.0,0.0,2.0,3,0,1,2023-06-19,2023-09-04 03:25:08,Fog/Smog/Smoke,Sand/Mud/Dirt,Dark - No Street Lights,N,Y,"454 Lee Mountains Suite 833 East Laura , GU 78328"
463,REPORT463,STATUS1,ADDRTYPE2,"68278 Rebekah Via Apt. 172
Christophermouth, VA 64203",Sideswipe,4.0,0.0,0.0,1.0,2,0,0,2023-05-07,2023-03-04 03:25:08,Snowing,Other,Dark - Street Lights Off,N,N,"68278 Rebekah Via Apt . 172 Christophermouth , VA 64203"
464,REPORT464,STATUS2,ADDRTYPE2,"32617 Jennifer Flats
West Brianland, VA 23400",Cycles,2.0,0.0,1.0,1.0,0,1,1,2023-07-07,2023-04-12 03:25:08,,,,N,Y,"32617 Jennifer Flats West Brianland , VA 23400"
465,REPORT465,STATUS3,ADDRTYPE1,"Unit 9473 Box 4599
DPO AP 06141",Other,2.0,2.0,1.0,2.0,2,0,1,2023-11-28,2023-08-09 03:25:08,Clear,Other,Daylight,Y,Y,Unit 9473 Box 4599 DPO AP 06141
466,REPORT466,STATUS3,ADDRTYPE1,"796 Meadows Branch
East Jessicaberg, MT 71351",Other,1.0,2.0,1.0,2.0,3,0,1,2023-09-15,2023-10-04 03:25:08,Other,Wet,Dark - No Street Lights,N,Y,"796 Meadows Branch East Jessicaberg , MT 71351"
467,REPORT467,STATUS1,ADDRTYPE1,"4436 Monica Union Apt. 397
Johnview, ND 97953",Sideswipe,5.0,0.0,0.0,3.0,1,1,1,2023-09-03,2023-02-27 03:25:08,Severe Crosswind,Unknown,Other,N,N,"4436 Monica Union Apt . 397 Johnview , ND 97953"
468,REPORT468,STATUS2,ADDRTYPE3,"3880 Bryan Meadow Apt. 475
Port Brittanytown, NC 96488",Sideswipe,4.0,0.0,0.0,2.0,3,1,0,2023-06-19,2023-11-24 03:25:08,Other,Standing Water,Other,Y,N,"3880 Bryan Meadow Apt . 475 Port Brittanytown , NC 96488"
469,REPORT469,STATUS1,ADDRTYPE1,"58289 Angela Grove
Port Linda, MT 61564",Parked Car,2.0,0.0,0.0,2.0,2,1,1,2023-12-02,2023-12-11 03:25:08,Other,Oil,Daylight,N,N,"58289 Angela Grove Port Linda , MT 61564"
470,REPORT470,STATUS1,ADDRTYPE2,"7446 Crawford Rapid
Francomouth, FL 16956",Angles,3.0,1.0,1.0,3.0,3,1,0,2023-10-18,2023-04-27 03:25:08,Fog/Smog/Smoke,Standing Water,Dark - Street Lights Off,Y,Y,"7446 Crawford Rapid Francomouth , FL 16956"
471,REPORT471,STATUS2,ADDRTYPE2,"77621 Theresa Groves
Garciamouth, NE 43766",Other,2.0,2.0,0.0,1.0,2,1,1,2024-01-22,2023-06-29 03:25:08,Other,Wet,Dark - Street Lights Off,Y,N,"77621 Theresa Groves Garciamouth , NE 43766"
472,REPORT472,STATUS2,ADDRTYPE2,"USNS Duke
FPO AE 66377",Other,4.0,1.0,1.0,2.0,0,0,1,2023-05-17,2023-12-20 03:25:08,Sleet/Hail/Freezing Rain,Unknown,Daylight,Y,N,USNS Duke FPO AE 66377
473,REPORT473,STATUS1,ADDRTYPE3,"2328 Adrian Turnpike Apt. 062
East Mariafort, MA 69722",Rear Ended,3.0,2.0,1.0,1.0,2,1,0,2023-03-02,2023-12-17 03:25:08,Snowing,Dry,Dusk,Y,N,"2328 Adrian Turnpike Apt . 062 East Mariafort , MA 69722"
474,REPORT474,STATUS2,ADDRTYPE3,"502 Gutierrez Valley Suite 094
South Kimberly, CO 52280",Other,3.0,2.0,1.0,1.0,2,0,1,2023-10-06,2023-09-09 03:25:08,Severe Crosswind,Other,Unknown,Y,Y,"502 Gutierrez Valley Suite 094 South Kimberly , CO 52280"
475,REPORT475,STATUS1,ADDRTYPE3,"5754 Ralph Streets Suite 425
Lake Brianborough, MO 30891",Other,1.0,1.0,1.0,2.0,2,0,0,2023-04-04,2023-12-06 03:25:08,Clear,Snow/Slush,Daylight,Y,N,"5754 Ralph Streets Suite 425 Lake Brianborough , MO 30891"
476,REPORT476,STATUS3,ADDRTYPE3,"7008 Ellis Ford
North Jasmine, NY 91444",Rear Ended,5.0,0.0,1.0,1.0,2,0,0,2023-05-17,2023-04-26 03:25:08,Overcast,Ice,Dark - No Street Lights,N,Y,"7008 Ellis Ford North Jasmine , NY 91444"
477,REPORT477,STATUS1,ADDRTYPE2,"7908 Darlene Prairie
New Michaelville, AS 14788",Angles,3.0,2.0,1.0,1.0,3,0,1,2023-12-18,2023-07-23 03:25:08,,,,Y,N,"7908 Darlene Prairie New Michaelville , AS 14788"
478,REPORT478,STATUS3,ADDRTYPE3,"8054 Charles Island Apt. 487
Michaelmouth, PW 61888",Pedestrian,1.0,1.0,1.0,3.0,0,1,1,2024-02-09,2023-03-30 03:25:08,Clear,Sand/Mud/Dirt,Dawn,N,Y,"8054 Charles Island Apt . 487 Michaelmouth , PW 61888"
479,REPORT479,STATUS1,ADDRTYPE3,"8464 Brown Tunnel
Youngchester, GU 43996",Left Turn,5.0,1.0,1.0,3.0,1,1,1,2024-01-28,2023-07-06 03:25:08,Snowing,Standing Water,Dark - Street Lights Off,Y,N,"8464 Brown Tunnel Youngchester , GU 43996"
480,REPORT480,STATUS2,ADDRTYPE3,"2825 Walker Spring Suite 700
West Ericburgh, TN 26574",Cycles,1.0,2.0,1.0,3.0,3,1,1,2023-12-29,2023-03-14 03:25:08,Overcast,Dry,Daylight,N,Y,"2825 Walker Spring Suite 700 West Ericburgh , TN 26574"
481,REPORT481,STATUS3,ADDRTYPE1,"301 Patterson Parkway
Matthewport, MS 74921",Angles,2.0,0.0,1.0,1.0,3,0,1,2023-05-17,2023-12-19 03:25:08,Severe Crosswind,Sand/Mud/Dirt,Other,Y,N,"301 Patterson Parkway Matthewport , MS 74921"
482,REPORT482,STATUS2,ADDRTYPE2,"5048 Rodriguez Crossroad Suite 923
Lyonsfort, PA 25424",Parked Car,2.0,2.0,0.0,1.0,3,1,1,2023-09-21,2023-05-28 03:25:08,Clear,Snow/Slush,Dawn,N,Y,"5048 Rodriguez Crossroad Suite 923 Lyonsfort , PA 25424"
483,REPORT483,STATUS3,ADDRTYPE3,"08811 Parker Manors Suite 573
Mckinneyshire, NH 75348",Rear Ended,5.0,2.0,0.0,3.0,2,0,1,2023-12-29,2023-05-25 03:25:08,Raining,Dry,Dark - No Street Lights,Y,N,"08811 Parker Manors Suite 573 Mckinneyshire , NH 75348"
484,REPORT484,STATUS3,ADDRTYPE1,"863 Dorsey Port
Port Erinstad, KS 24062",Parked Car,1.0,0.0,0.0,2.0,1,1,1,2023-06-03,2023-10-19 03:25:08,Severe Crosswind,Wet,Dark - No Street Lights,Y,Y,"863 Dorsey Port Port Erinstad , KS 24062"
485,REPORT485,STATUS1,ADDRTYPE2,"USS Jones
FPO AE 56833",Pedestrian,4.0,1.0,0.0,3.0,3,0,0,2023-07-22,2023-04-30 03:25:08,Unknown,Sand/Mud/Dirt,Dark - No Street Lights,Y,Y,USS Jones FPO AE 56833
486,REPORT486,STATUS1,ADDRTYPE3,"533 Moore Stravenue Suite 821
Haroldfurt, ID 25264",Cycles,1.0,1.0,0.0,2.0,3,0,1,2023-12-09,2023-06-20 03:25:08,,,,N,Y,"533 Moore Stravenue Suite 821 Haroldfurt , ID 25264"
487,REPORT487,STATUS1,ADDRTYPE2,"3286 Brewer Camp
Port Garrett, NC 70388",Cycles,4.0,0.0,1.0,2.0,1,0,0,2024-02-19,2023-03-18 03:25:08,Blowing Sand/Dirt,Other,Dawn,N,N,"3286 Brewer Camp Port Garrett , NC 70388"
488,REPORT488,STATUS1,ADDRTYPE2,"726 Weiss Stream
Kennethmouth, WV 57154",Other,3.0,1.0,0.0,1.0,0,1,1,2023-10-28,2023-06-14 03:25:08,Blowing Sand/Dirt,Dry,Other,N,N,"726 Weiss Stream Kennethmouth , WV 57154"
489,REPORT489,STATUS2,ADDRTYPE1,"77848 Katherine Branch
Rossland, SD 49362",Sideswipe,3.0,1.0,0.0,3.0,1,1,0,2024-02-07,2023-09-29 03:25:08,Severe Crosswind,Other,Daylight,N,Y,"77848 Katherine Branch Rossland , SD 49362"
490,REPORT490,STATUS1,ADDRTYPE3,"4148 Hunter Spurs
Laraport, NH 80315",Left Turn,3.0,0.0,0.0,2.0,1,1,0,2023-10-26,2023-09-08 03:25:08,Other,Snow/Slush,Dark - No Street Lights,Y,N,"4148 Hunter Spurs Laraport , NH 80315"
491,REPORT491,STATUS1,ADDRTYPE2,"151 Clark Knoll Apt. 751
Port Nicholas, DE 66378",Sideswipe,1.0,0.0,1.0,3.0,2,1,0,2023-07-16,2023-06-17 03:25:08,Unknown,Standing Water,Other,Y,N,"151 Clark Knoll Apt . 751 Port Nicholas , DE 66378"
492,REPORT492,STATUS3,ADDRTYPE1,"139 William Shores Suite 287
North Angela, IN 96183",Rear Ended,5.0,1.0,0.0,1.0,3,1,0,2023-08-06,2023-10-27 03:25:08,Fog/Smog/Smoke,Other,Dawn,N,N,"139 William Shores Suite 287 North Angela , IN 96183"
493,REPORT493,STATUS2,ADDRTYPE2,"72268 Johnson Islands
Franklinmouth, MH 28957",Angles,4.0,2.0,0.0,1.0,2,1,0,2023-12-06,2024-01-03 03:25:08,Severe Crosswind,Snow/Slush,Unknown,N,N,"72268 Johnson Islands Franklinmouth , MH 28957"
494,REPORT494,STATUS2,ADDRTYPE2,"54701 Margaret Lock
Odonnellton, MN 58912",Other,1.0,1.0,0.0,1.0,0,0,1,2023-08-23,2023-10-07 03:25:08,Clear,Dry,Dusk,Y,N,"54701 Margaret Lock Odonnellton , MN 58912"
495,REPORT495,STATUS3,ADDRTYPE1,"302 Erik Loop Apt. 453
Lake Sabrinaport, WI 36926",Rear Ended,3.0,0.0,1.0,2.0,3,1,1,2023-03-21,2023-09-21 03:25:08,Overcast,Oil,Dark - No Street Lights,N,Y,"302 Erik Loop Apt . 453 Lake Sabrinaport , WI 36926"
496,REPORT496,STATUS3,ADDRTYPE2,"830 Gutierrez Harbors
Shermanburgh, IN 51694",Parked Car,2.0,2.0,0.0,3.0,0,0,1,2023-09-26,2023-02-20 03:25:08,Fog/Smog/Smoke,Snow/Slush,Dark - Street Lights Off,N,N,"830 Gutierrez Harbors Shermanburgh , IN 51694"
497,REPORT497,STATUS1,ADDRTYPE1,"194 Jeffrey Corners Apt. 654
Stanleytown, AS 98903",Pedestrian,3.0,2.0,0.0,2.0,0,1,1,2023-10-27,2024-01-08 03:25:08,Raining,Unknown,Dark - No Street Lights,N,N,"194 Jeffrey Corners Apt . 654 Stanleytown , AS 98903"
498,REPORT498,STATUS2,ADDRTYPE3,"92072 Wright Groves Suite 409
Alexandraborough, WV 10358",Parked Car,5.0,2.0,1.0,3.0,3,1,1,2023-03-06,2023-08-23 03:25:08,Raining,Snow/Slush,Unknown,Y,N,"92072 Wright Groves Suite 409 Alexandraborough , WV 10358"
499,REPORT499,STATUS1,ADDRTYPE2,"564 Andrew Points
Jeffreyshire, ME 21655",Rear Ended,3.0,2.0,0.0,2.0,2,0,1,2023-08-07,2023-05-10 03:25:08,Unknown,Other,Other,N,Y,"564 Andrew Points Jeffreyshire , ME 21655"
500,REPORT500,STATUS3,ADDRTYPE3,"06442 Virginia Lake
East Audrey, UT 31225",Pedestrian,5.0,2.0,0.0,1.0,3,1,1,2023-03-05,2023-10-18 03:25:08,Severe Crosswind,Standing Water,Dark - Street Lights On,N,Y,"06442 Virginia Lake East Audrey , UT 31225"
501,REPORT501,STATUS1,ADDRTYPE3,"5488 Samantha Extension Apt. 458
Davidview, IL 44949",Cycles,2.0,2.0,1.0,1.0,1,1,1,2023-12-24,2023-03-19 03:25:08,Blowing Sand/Dirt,Dry,Dark - No Street Lights,Y,Y,"5488 Samantha Extension Apt . 458 Davidview , IL 44949"
502,REPORT502,STATUS2,ADDRTYPE2,"044 Ernest Ville
East Ashley, MO 13409",Parked Car,4.0,2.0,0.0,1.0,3,1,1,2023-06-13,2023-03-25 03:25:08,Severe Crosswind,Sand/Mud/Dirt,Dark - No Street Lights,N,N,"044 Ernest Ville East Ashley , MO 13409"
503,REPORT503,STATUS1,ADDRTYPE1,"USCGC Gomez
FPO AE 22853",Sideswipe,3.0,0.0,0.0,2.0,1,0,0,2023-11-25,2023-11-06 03:25:08,Blowing Sand/Dirt,Other,Dusk,N,N,USCGC Gomez FPO AE 22853
504,REPORT504,STATUS2,ADDRTYPE2,"129 Gonzalez Curve
South David, UT 88085",Rear Ended,5.0,2.0,1.0,3.0,1,1,1,2023-12-25,2023-03-01 03:25:08,Fog/Smog/Smoke,Snow/Slush,Dark - No Street Lights,Y,Y,"129 Gonzalez Curve South David , UT 88085"
505,REPORT505,STATUS1,ADDRTYPE2,"USNV Herman
FPO AE 29976",Rear Ended,4.0,1.0,1.0,1.0,1,0,0,2023-10-28,2024-01-11 03:25:08,Blowing Sand/Dirt,Dry,Dawn,Y,N,USNV Herman FPO AE 29976
506,REPORT506,STATUS1,ADDRTYPE1,"PSC 8522, Box 0404
APO AA 42805",Sideswipe,2.0,2.0,0.0,1.0,3,0,0,2023-12-29,2024-01-12 03:25:08,Raining,Wet,Dark - Street Lights On,Y,N,"PSC 8522 , Box 0404 APO AA 42805"
507,REPORT507,STATUS2,ADDRTYPE1,"5203 Terry Key
Tammiemouth, MH 49502",Angles,5.0,2.0,0.0,2.0,2,1,1,2023-09-28,2023-06-11 03:25:08,Blowing Sand/Dirt,Other,Dark - Street Lights On,Y,Y,"5203 Terry Key Tammiemouth , MH 49502"
508,REPORT508,STATUS2,ADDRTYPE2,"731 Evan Prairie
Vargashaven, DE 19835",Left Turn,2.0,2.0,1.0,1.0,3,1,0,2023-08-21,2024-01-20 03:25:08,Clear,Dry,Dark - Street Lights Off,N,Y,"731 Evan Prairie Vargashaven , DE 19835"
509,REPORT509,STATUS2,ADDRTYPE1,"2250 Wheeler Mission Apt. 429
Weissport, IL 47097",Sideswipe,2.0,2.0,1.0,1.0,0,0,0,2024-01-11,2023-11-03 03:25:08,Severe Crosswind,Oil,Dark - No Street Lights,Y,Y,"2250 Wheeler Mission Apt . 429 Weissport , IL 47097"
510,REPORT510,STATUS1,ADDRTYPE3,"52440 Alison Corner Suite 982
Port James, OH 22786",Cycles,1.0,2.0,0.0,2.0,2,1,1,2023-04-10,2024-02-13 03:25:08,Sleet/Hail/Freezing Rain,Standing Water,Other,Y,Y,"52440 Alison Corner Suite 982 Port James , OH 22786"
511,REPORT511,STATUS1,ADDRTYPE1,"43905 Andrews Center
Jonathanchester, PW 01894",Cycles,4.0,0.0,0.0,2.0,2,0,1,2023-09-02,2023-03-13 03:25:08,Blowing Sand/Dirt,Ice,Unknown,Y,N,"43905 Andrews Center Jonathanchester , PW 01894"
512,REPORT512,STATUS1,ADDRTYPE3,"12711 Hayden Bridge
South Rickview, MO 60657",Parked Car,1.0,1.0,0.0,1.0,3,0,1,2023-12-21,2023-11-01 03:25:08,Blowing Sand/Dirt,Unknown,Dark - Street Lights Off,N,N,"12711 Hayden Bridge South Rickview , MO 60657"
513,REPORT513,STATUS3,ADDRTYPE3,"860 Jared Crest
Susanfort, GA 44215",Cycles,2.0,2.0,0.0,3.0,3,1,1,2023-08-19,2023-06-25 03:25:08,Sleet/Hail/Freezing Rain,Wet,Dusk,Y,Y,"860 Jared Crest Susanfort , GA 44215"
514,REPORT514,STATUS1,ADDRTYPE3,"883 David Land
Port Michael, CT 80101",Sideswipe,5.0,2.0,0.0,3.0,1,1,1,2024-01-07,2023-08-06 03:25:08,Other,Oil,Dawn,N,Y,"883 David Land Port Michael , CT 80101"
515,REPORT515,STATUS2,ADDRTYPE1,"07339 Campbell Expressway Apt. 510
Nicoleport, RI 26176",Other,3.0,0.0,1.0,3.0,0,0,0,2024-01-28,2023-11-15 03:25:08,Snowing,Wet,Other,N,N,"07339 Campbell Expressway Apt . 510 Nicoleport , RI 26176"
516,REPORT516,STATUS2,ADDRTYPE1,"PSC 8982, Box 4054
APO AA 10361",Angles,1.0,1.0,1.0,3.0,0,0,1,2023-04-16,2023-06-15 03:25:08,Unknown,Unknown,Dark - No Street Lights,N,Y,"PSC 8982 , Box 4054 APO AA 10361"
517,REPORT517,STATUS2,ADDRTYPE2,"385 Santos Vista Suite 427
South Kristine, WI 50537",Left Turn,3.0,1.0,1.0,3.0,1,0,1,2023-12-04,2023-12-28 03:25:08,Severe Crosswind,Unknown,Dark - No Street Lights,Y,Y,"385 Santos Vista Suite 427 South Kristine , WI 50537"
518,REPORT518,STATUS1,ADDRTYPE1,"8348 Gary Stream Suite 471
Caldwelltown, CO 00657",Parked Car,1.0,2.0,1.0,3.0,2,1,0,2023-11-20,2023-08-29 03:25:08,Snowing,Sand/Mud/Dirt,Other,Y,N,"8348 Gary Stream Suite 471 Caldwelltown , CO 00657"
519,REPORT519,STATUS2,ADDRTYPE1,"14307 Joseph Knolls
Murrayfurt, MP 60410",Cycles,4.0,2.0,1.0,2.0,2,0,0,2023-07-15,2023-11-05 03:25:08,Unknown,Standing Water,Dark - No Street Lights,N,N,"14307 Joseph Knolls Murrayfurt , MP 60410"
520,REPORT520,STATUS2,ADDRTYPE3,"20033 Carrie Extension
Jessicaberg, TX 99004",Sideswipe,3.0,2.0,1.0,3.0,3,1,1,2023-05-24,2023-04-23 03:25:08,Other,Snow/Slush,Unknown,Y,N,"20033 Carrie Extension Jessicaberg , TX 99004"
521,REPORT521,STATUS3,ADDRTYPE1,"606 Ryan Mall
Popeville, VI 25722",Parked Car,1.0,1.0,0.0,2.0,0,1,0,2023-09-01,2023-05-25 03:25:08,Unknown,Other,Unknown,Y,N,"606 Ryan Mall Popeville , VI 25722"
522,REPORT522,STATUS3,ADDRTYPE1,"331 Reyes Throughway
Lake Jacobmouth, AS 12733",Rear Ended,2.0,0.0,0.0,2.0,2,0,1,2023-04-18,2023-06-01 03:25:08,Other,Sand/Mud/Dirt,Dark - No Street Lights,N,Y,"331 Reyes Throughway Lake Jacobmouth , AS 12733"
523,REPORT523,STATUS2,ADDRTYPE3,"989 Tina Freeway Apt. 958
Hawkinsborough, PW 42533",Left Turn,5.0,2.0,1.0,2.0,3,0,0,2023-11-19,2023-09-12 03:25:08,Unknown,Ice,Daylight,Y,Y,"989 Tina Freeway Apt . 958 Hawkinsborough , PW 42533"
524,REPORT524,STATUS3,ADDRTYPE1,"80844 James Vista Suite 060
Villarrealland, NH 08090",Sideswipe,2.0,2.0,1.0,1.0,1,1,0,2023-03-09,2023-09-13 03:25:08,Sleet/Hail/Freezing Rain,Oil,Dark - Street Lights On,Y,N,"80844 James Vista Suite 060 Villarrealland , NH 08090"
525,REPORT525,STATUS3,ADDRTYPE3,"393 Martinez Mission Suite 936
Austinmouth, PW 57517",Other,4.0,0.0,1.0,3.0,3,1,1,2023-07-17,2023-02-22 03:25:08,Other,Sand/Mud/Dirt,Dusk,Y,Y,"393 Martinez Mission Suite 936 Austinmouth , PW 57517"
526,REPORT526,STATUS2,ADDRTYPE1,"754 Brandon Meadows Suite 054
Reginaside, ND 28133",Parked Car,4.0,0.0,1.0,3.0,1,1,1,2023-12-05,2023-07-02 03:25:08,Raining,Dry,Dawn,N,Y,"754 Brandon Meadows Suite 054 Reginaside , ND 28133"
527,REPORT527,STATUS1,ADDRTYPE1,"87722 Warner Road Suite 296
North Amberport, NV 55991",Pedestrian,1.0,2.0,1.0,3.0,0,0,0,2023-03-15,2023-03-21 03:25:08,Unknown,Wet,Dawn,Y,Y,"87722 Warner Road Suite 296 North Amberport , NV 55991"
528,REPORT528,STATUS1,ADDRTYPE2,"635 Michael Divide Apt. 957
Robinsonside, AS 03592",Pedestrian,2.0,0.0,0.0,1.0,0,0,1,2023-03-05,2023-12-03 03:25:08,Sleet/Hail/Freezing Rain,Other,Unknown,N,N,"635 Michael Divide Apt . 957 Robinsonside , AS 03592"
529,REPORT529,STATUS2,ADDRTYPE1,"0405 Howard Locks Apt. 939
New Alyssabury, TX 62824",Left Turn,3.0,2.0,0.0,2.0,2,0,0,2023-09-18,2023-06-06 03:25:08,Fog/Smog/Smoke,Other,Dark - Street Lights Off,N,N,"0405 Howard Locks Apt . 939 New Alyssabury , TX 62824"
530,REPORT530,STATUS1,ADDRTYPE3,"7125 Amanda Plain
North James, MP 22884",Angles,1.0,1.0,1.0,3.0,3,1,0,2023-04-06,2023-12-27 03:25:08,Other,Dry,Dark - Street Lights On,N,N,"7125 Amanda Plain North James , MP 22884"
531,REPORT531,STATUS3,ADDRTYPE1,"18739 Keith Green
Kimfurt, ID 20864",Pedestrian,1.0,1.0,1.0,1.0,0,1,0,2023-09-26,2023-12-15 03:25:08,Raining,Unknown,Dusk,N,Y,"18739 Keith Green Kimfurt , ID 20864"
532,REPORT532,STATUS2,ADDRTYPE2,"62446 Gill Trail
New Laura, MI 45930",Angles,2.0,0.0,1.0,1.0,2,0,0,2023-08-25,2023-10-30 03:25:08,Other,Wet,Dark - Street Lights On,N,N,"62446 Gill Trail New Laura , MI 45930"
533,REPORT533,STATUS1,ADDRTYPE1,"080 Watson Club Suite 420
Leahbury, PA 16606",Parked Car,5.0,0.0,1.0,3.0,3,1,0,2023-12-28,2023-08-17 03:25:08,,,,Y,Y,"080 Watson Club Suite 420 Leahbury , PA 16606"
534,REPORT534,STATUS1,ADDRTYPE1,"USNS Wilson
FPO AP 48782",Parked Car,4.0,1.0,1.0,2.0,3,1,1,2023-10-04,2023-08-06 03:25:08,Blowing Sand/Dirt,Oil,Dark - Street Lights Off,N,N,USNS Wilson FPO AP 48782
535,REPORT535,STATUS3,ADDRTYPE3,"5230 Barrett Tunnel Suite 590
Port Patrick, NM 16211",Cycles,3.0,1.0,0.0,1.0,2,0,1,2023-06-09,2023-07-03 03:25:08,Raining,Wet,Dawn,N,N,"5230 Barrett Tunnel Suite 590 Port Patrick , NM 16211"
536,REPORT536,STATUS2,ADDRTYPE2,"PSC 6373, Box 2323
APO AP 52589",Left Turn,4.0,0.0,1.0,2.0,3,0,0,2023-03-18,2023-04-08 03:25:08,Other,Other,Unknown,N,N,"PSC 6373 , Box 2323 APO AP 52589"
537,REPORT537,STATUS2,ADDRTYPE1,"940 Douglas Islands
Lake Mary, NM 69377",Other,1.0,1.0,0.0,2.0,0,1,0,2023-08-15,2023-06-02 03:25:08,Sleet/Hail/Freezing Rain,Snow/Slush,Dark - No Street Lights,Y,Y,"940 Douglas Islands Lake Mary , NM 69377"
538,REPORT538,STATUS3,ADDRTYPE1,"599 John Squares Apt. 311
Wrightport, IA 13659",Rear Ended,5.0,1.0,0.0,3.0,2,1,1,2023-10-07,2023-11-08 03:25:08,Severe Crosswind,Standing Water,Dark - No Street Lights,Y,N,"599 John Squares Apt . 311 Wrightport , IA 13659"
539,REPORT539,STATUS2,ADDRTYPE3,"34703 John Gateway Apt. 126
Michaelport, GA 07206",Sideswipe,1.0,0.0,0.0,3.0,0,1,0,2023-02-20,2023-07-30 03:25:08,Unknown,Standing Water,Dark - Street Lights Off,Y,N,"34703 John Gateway Apt . 126 Michaelport , GA 07206"
540,REPORT540,STATUS2,ADDRTYPE1,"8244 Norman Courts
North Elizabeth, NJ 42361",Pedestrian,5.0,2.0,1.0,3.0,2,0,1,2024-01-11,2023-11-15 03:25:08,Sleet/Hail/Freezing Rain,Dry,Unknown,Y,Y,"8244 Norman Courts North Elizabeth , NJ 42361"
541,REPORT541,STATUS3,ADDRTYPE1,"153 Brian Valley Suite 921
Fowlerfurt, RI 58506",Other,2.0,0.0,1.0,2.0,1,1,1,2024-02-18,2024-01-15 03:25:08,Fog/Smog/Smoke,Unknown,Dark - Street Lights Off,Y,N,"153 Brian Valley Suite 921 Fowlerfurt , RI 58506"
542,REPORT542,STATUS3,ADDRTYPE1,"186 Melinda Plaza
Port Crystal, AS 83032",Cycles,4.0,2.0,1.0,2.0,0,0,1,2023-12-05,2023-09-30 03:25:08,Unknown,Snow/Slush,Dark - Street Lights On,Y,Y,"186 Melinda Plaza Port Crystal , AS 83032"
543,REPORT543,STATUS1,ADDRTYPE2,"706 Swanson Land
West Craig, PR 90074",Sideswipe,1.0,2.0,0.0,1.0,1,0,1,2023-03-21,2023-07-18 03:25:08,Severe Crosswind,Wet,Dawn,Y,N,"706 Swanson Land West Craig , PR 90074"
544,REPORT544,STATUS2,ADDRTYPE1,"27358 Hernandez Club
West Elizabethland, MS 00644",Left Turn,5.0,1.0,1.0,1.0,2,1,1,2023-12-06,2023-11-27 03:25:08,,,,N,N,"27358 Hernandez Club West Elizabethland , MS 00644"
545,REPORT545,STATUS3,ADDRTYPE3,"2618 Nicole Cape
North Ana, KS 47316",Sideswipe,5.0,1.0,1.0,1.0,3,0,1,2023-09-09,2023-03-05 03:25:08,Blowing Sand/Dirt,Wet,Dark - No Street Lights,Y,N,"2618 Nicole Cape North Ana , KS 47316"
546,REPORT546,STATUS1,ADDRTYPE2,"8292 Mcguire Spurs
East Cynthia, NJ 71563",Rear Ended,1.0,0.0,1.0,3.0,1,1,0,2023-12-06,2023-09-15 03:25:08,,,,N,Y,"8292 Mcguire Spurs East Cynthia , NJ 71563"