OBJECTID,REPORTNO,STATUS,ADDRTYPE,LOCATION,COLLISIONTYPE,PERSONCOUNT,PEDCOUNT,PEDCYLCOUNT,VEHCOUNT,INJURIES,SERIOUSINJURIES,FATALITIES,INCDATE,INCDTTM,WEATHER,ROADCOND,LIGHTCOND,SPEEDING,HITPARKEDCAR,LOCATION_PROCESSED
638,REPORT638,STATUS3,ADDRTYPE2,"50970 Anne Mountains
Port Ronaldhaven, UT 70073",Sideswipe,4.0,2.0,1.0,3.0,2,0,1,2023-08-16,2023-11-17 03:25:08,Other,Ice,Unknown,Y,N,"50970 Anne Mountains Port Ronaldhaven , UT 70073"
639,REPORT639,STATUS2,ADDRTYPE1,"673 Evan Course Apt. 600
North Michael, OR 14236",Other,2.0,2.0,0.0,1.0,2,1,0,2023-12-09,2023-06-07 03:25:08,Fog/Smog/Smoke,Ice,Unknown,N,Y,"673 Evan Course Apt . 600 North Michael , OR 14236"
640,REPORT640,STATUS2,ADDRTYPE3,"62376 Hahn Courts
Lake Jill, AZ 49875",Angles,3.0,0.0,1.0,1.0,1,0,1,2024-01-10,2023-02-26 03:25:08,Other,Wet,Daylight,Y,N,"62376 Hahn Courts Lake Jill , AZ 49875"
641,REPORT641,STATUS2,ADDRTYPE3,"15946 Kyle Lane
Nobleport, CO 96736",Rear Ended,2.0,1.0,0.0,3.0,1,0,0,2023-10-17,2023-04-07 03:25:08,Overcast,Snow/Slush,Other,N,N,"15946 Kyle Lane Nobleport , CO 96736"
642,REPORT642,STATUS1,ADDRTYPE2,"7573 Espinoza Knoll Apt. 578
West Mark, RI 51842",Pedestrian,2.0,0.0,0.0,1.0,0,0,1,2024-01-11,2023-06-20 03:25:08,Overcast,Unknown,Dark - Street Lights On,N,N,"7573 Espinoza Knoll Apt . 578 West Mark , RI 51842"
643,REPORT643,STATUS1,ADDRTYPE1,"USCGC Brown
FPO AP 95657",Rear Ended,3.0,2.0,0.0,2.0,0,0,1,2024-02-13,2023-09-16 03:25:08,,,,N,Y,USCGC Brown FPO AP 95657
644,REPORT644,STATUS3,ADDRTYPE3,"993 Brett Junctions
Deannaville, CA 11688",Other,3.0,2.0,0.0,3.0,0,0,0,2023-05-04,2023-03-04 03:25:08,Unknown,Standing Water,Dark - Street Lights On,N,N,"993 Brett Junctions Deannaville , CA 11688"
645,REPORT645,STATUS3,ADDRTYPE1,"886 Castaneda Shores
New Kristina, PW 80227",Other,4.0,0.0,1.0,2.0,1,1,1,2023-07-21,2023-10-20 03:25:08,Fog/Smog/Smoke,Oil,Dark - Street Lights On,Y,Y,"886 Castaneda Shores New Kristina , PW 80227"
646,REPORT646,STATUS1,ADDRTYPE3,"51718 David Locks Apt. 295
Aguilartown, ME 57236",Angles,2.0,2.0,1.0,2.0,1,0,1,2023-12-05,2023-11-24 03:25:08,Blowing Sand/Dirt,Standing Water,Dark - Street Lights Off,Y,Y,"51718 David Locks Apt . 295 Aguilartown , ME 57236"
647,REPORT647,STATUS1,ADDRTYPE3,"087 Lee Square Apt. 183
Schultztown, FM 05347",Angles,1.0,1.0,0.0,3.0,2,0,0,2023-11-18,2023-09-11 03:25:08,Snowing,Other,Dark - Street Lights Off,N,Y,"087 Lee Square Apt . 183 Schultztown , FM 05347"
648,REPORT648,STATUS2,ADDRTYPE3,"69449 Williams Streets Suite 096
Kristinland, FM 29676",Rear Ended,5.0,2.0,0.0,3.0,1,0,1,2023-06-24,2023-03-08 03:25:08,Severe Crosswind,Ice,Dark - Street Lights Off,Y,N,"69449 Williams Streets Suite 096 Kristinland , FM 29676"
649,REPORT649,STATUS1,ADDRTYPE2,"316 Elizabeth Dam
Jennifershire, OK 00786",Cycles,5.0,1.0,1.0,2.0,0,0,1,2023-12-10,2024-01-15 03:25:08,Severe Crosswind,Standing Water,Dark - Street Lights Off,N,Y,"316 Elizabeth Dam Jennifershire , OK 00786"
650,REPORT650,STATUS1,ADDRTYPE3,"5031 Mason Burgs Suite 813
Ballhaven, LA 80037",Rear Ended,5.0,2.0,0.0,1.0,0,1,1,2023-05-25,2023-11-26 03:25:08,Other,Snow/Slush,Other,Y,Y,"5031 Mason Burgs Suite 813 Ballhaven , LA 80037"
651,REPORT651,STATUS3,ADDRTYPE1,"76985 Farley Landing Suite 975
North Matthewstad, NH 60456",Other,2.0,0.0,1.0,1.0,1,0,0,2023-02-27,2023-11-16 03:25:08,Raining,Other,Unknown,Y,N,"76985 Farley Landing Suite 975 North Matthewstad , NH 60456"
652,REPORT652,STATUS3,ADDRTYPE2,"174 Hill Estates
Philipstad, NV 74462",Rear Ended,3.0,2.0,0.0,3.0,3,0,1,2023-09-19,2023-09-02 03:25:08,Other,Other,Dark - No Street Lights,Y,N,"174 Hill Estates Philipstad , NV 74462"
653,REPORT653,STATUS2,ADDRTYPE2,"91117 Jon Freeway Suite 588
North Charles, WA 28216",Pedestrian,4.0,2.0,0.0,2.0,2,1,1,2023-06-24,2023-07-01 03:25:08,Snowing,Wet,Unknown,N,N,"91117 Jon Freeway Suite 588 North Charles , WA 28216"
654,REPORT654,STATUS1,ADDRTYPE3,"USCGC Ray
FPO AE 44542",Cycles,4.0,0.0,0.0,2.0,1,0,0,2023-07-24,2023-12-09 03:25:08,Overcast,Other,Dark - Street Lights On,Y,N,USCGC Ray FPO AE 44542
655,REPORT655,STATUS3,ADDRTYPE2,"28080 Anne Port
Richardview, IL 49110",Other,5.0,2.0,1.0,3.0,3,1,0,2023-08-31,2024-02-13 03:25:08,Raining,Oil,Dawn,N,N,"28080 Anne Port Richardview , IL 49110"
656,REPORT656,STATUS1,ADDRTYPE3,"USNS Young
FPO AA 24883",Other,4.0,0.0,0.0,3.0,0,1,0,2023-07-07,2023-03-15 03:25:08,Snowing,Oil,Dark - No Street Lights,Y,Y,USNS Young FPO AA 24883
657,REPORT657,STATUS1,ADDRTYPE1,"2484 Tammy Trafficway Suite 249
North Matthewville, SC 07313",Rear Ended,1.0,0.0,1.0,2.0,1,0,0,2023-03-26,2023-06-22 03:25:08,Snowing,Oil,Unknown,Y,Y,"2484 Tammy Trafficway Suite 249 North Matthewville , SC 07313"
658,REPORT658,STATUS2,ADDRTYPE2,"00518 Tonya Shores Apt. 668
Kennethchester, MH 37498",Parked Car,1.0,1.0,0.0,2.0,2,1,1,2023-03-01,2023-07-15 03:25:08,Sleet/Hail/Freezing Rain,Standing Water,Dark - Street Lights Off,Y,Y,"00518 Tonya Shores Apt . 668 Kennethchester , MH 37498"
659,REPORT659,STATUS1,ADDRTYPE3,"27092 Robert Square Apt. 440
Rachelport, MI 63214",Sideswipe,3.0,2.0,0.0,3.0,3,0,0,2024-02-13,2023-09-01 03:25:08,Sleet/Hail/Freezing Rain,Ice,Dawn,Y,N,"27092 Robert Square Apt . 440 Rachelport , MI 63214"
660,REPORT660,STATUS2,ADDRTYPE2,"86148 Charles Ports Apt. 017
Danielside, LA 02797",Other,4.0,2.0,0.0,2.0,3,1,1,2023-09-26,2024-02-09 03:25:08,Unknown,Standing Water,Other,N,Y,"86148 Charles Ports Apt . 017 Danielside , LA 02797"
661,REPORT661,STATUS3,ADDRTYPE2,"95071 Julia Key Apt. 229
East Daniel, OR 21760",Left Turn,2.0,2.0,1.0,1.0,1,1,1,2023-12-25,2023-11-21 03:25:08,Overcast,Sand/Mud/Dirt,Dark - Street Lights On,Y,Y,"95071 Julia Key Apt . 229 East Daniel , OR 21760"
662,REPORT662,STATUS3,ADDRTYPE1,"79384 Johnson Roads
New Mark, MH 59944",Left Turn,4.0,1.0,0.0,3.0,1,0,0,2023-12-02,2023-10-07 03:25:08,Snowing,Sand/Mud/Dirt,Unknown,Y,N,"79384 Johnson Roads New Mark , MH 59944"
663,REPORT663,STATUS3,ADDRTYPE3,"334 Lester Shoal Suite 576
Patriciaport, PR 54034",Other,2.0,2.0,1.0,1.0,3,1,1,2024-01-20,2024-01-11 03:25:08,Snowing,Snow/Slush,Dawn,N,Y,"334 Lester Shoal Suite 576 Patriciaport , PR 54034"
664,REPORT664,STATUS3,ADDRTYPE3,"PSC 4928, Box 8169
APO AA 67018",Sideswipe,5.0,1.0,0.0,3.0,0,0,0,2023-03-28,2023-11-24 03:25:08,Severe Crosswind,Sand/Mud/Dirt,Dark - Street Lights Off,N,N,"PSC 4928 , Box 8169 APO AA 67018"
665,REPORT665,STATUS2,ADDRTYPE1,"8547 Hogan Knoll
Ericshire, UT 71128",Parked Car,2.0,1.0,0.0,3.0,2,1,1,2024-02-03,2023-03-09 03:25:08,Raining,Unknown,Dusk,Y,N,"8547 Hogan Knoll Ericshire , UT 71128"
666,REPORT666,STATUS2,ADDRTYPE1,"27611 Martin Corners Suite 838
North Kennethtown, MI 12672",Other,5.0,2.0,1.0,2.0,0,1,0,2023-04-16,2024-02-15 03:25:08,Unknown,Unknown,Dusk,N,N,"27611 Martin Corners Suite 838 North Kennethtown , MI 12672"
667,REPORT667,STATUS3,ADDRTYPE3,"72687 Prince Drive Apt. 774
Port Christina, MH 15007",Pedestrian,1.0,2.0,0.0,1.0,3,1,0,2023-11-23,2023-04-21 03:25:08,Snowing,Standing Water,Dark - No Street Lights,N,Y,"72687 Prince Drive Apt . 774 Port Christina , MH 15007"
668,REPORT668,STATUS3,ADDRTYPE2,"215 Christina Corners Apt. 636
Lake Brendaport, NV 11624",Sideswipe,4.0,0.0,0.0,2.0,0,0,0,2023-06-07,2023-08-23 03:25:08,Overcast,Snow/Slush,Dark - Street Lights On,N,N,"215 Christina Corners Apt . 636 Lake Brendaport , NV 11624"
669,REPORT669,STATUS3,ADDRTYPE1,"076 Russo Manors Suite 017
Garciaton, ND 44434",Sideswipe,3.0,1.0,0.0,1.0,1,0,0,2023-11-29,2023-06-22 03:25:08,Raining,Dry,Dark - No Street Lights,N,N,"076 Russo Manors Suite 017 Garciaton , ND 44434"
670,REPORT670,STATUS2,ADDRTYPE1,"018 Rocha Common Apt. 578
West Lisamouth, DC 57401",Rear Ended,4.0,1.0,1.0,2.0,3,0,0,2024-02-14,2023-04-27 03:25:08,Unknown,Oil,Other,Y,Y,"018 Rocha Common Apt . 578 West Lisamouth , DC 57401"
671,REPORT671,STATUS3,ADDRTYPE2,"351 Jason Locks
Prestonfurt, NE 25529",Parked Car,5.0,1.0,0.0,3.0,2,0,0,2023-08-01,2024-02-19 03:25:08,Blowing Sand/Dirt,Other,Dark - Street Lights On,N,Y,"351 Jason Locks Prestonfurt , NE 25529"
672,REPORT672,STATUS2,ADDRTYPE3,"PSC 5976, Box 6673
APO AE 58537",Pedestrian,4.0,1.0,1.0,1.0,2,1,1,2023-07-18,2023-06-14 03:25:08,Blowing Sand/Dirt,Sand/Mud/Dirt,Dawn,N,Y,"PSC 5976 , Box 6673 APO AE 58537"
673,REPORT673,STATUS1,ADDRTYPE2,"8031 Flores Bridge
Paulamouth, ID 05897",Cycles,3.0,1.0,1.0,1.0,0,0,0,2023-03-08,2023-10-16 03:25:08,Overcast,Unknown,Daylight,Y,Y,"8031 Flores Bridge Paulamouth , ID 05897"
674,REPORT674,STATUS3,ADDRTYPE1,"PSC 6915, Box 0792
APO AP 03870",Rear Ended,5.0,0.0,1.0,3.0,0,0,0,2023-07-02,2023-06-23 03:25:08,Clear,Wet,Daylight,Y,Y,"PSC 6915 , Box 0792 APO AP 03870"
675,REPORT675,STATUS2,ADDRTYPE2,"4019 Clark Cliffs Suite 868
North Johnbury, MN 41834",Left Turn,5.0,0.0,0.0,3.0,2,1,1,2023-05-12,2023-12-25 03:25:08,Severe Crosswind,Standing Water,Daylight,N,N,"4019 Clark Cliffs Suite 868 North Johnbury , MN 41834"
676,REPORT676,STATUS2,ADDRTYPE3,"183 Mccarthy Fall Apt. 574
West Robyntown, MO 13864",Pedestrian,3.0,1.0,0.0,2.0,3,0,1,2023-02-20,2024-01-27 03:25:08,Clear,Standing Water,Dark - No Street Lights,Y,N,"183 Mccarthy Fall Apt . 574 West Robyntown , MO 13864"
677,REPORT677,STATUS2,ADDRTYPE1,"6920 Little Island
Kariside, CT 98600",Left Turn,4.0,2.0,1.0,1.0,0,0,1,2023-10-10,2024-02-11 03:25:08,,,,Y,N,"6920 Little Island Kariside , CT 98600"
678,REPORT678,STATUS1,ADDRTYPE2,"657 Wells Bypass
Timothychester, PR 29950",Pedestrian,3.0,2.0,1.0,2.0,3,1,0,2023-05-03,2023-05-05 03:25:08,Blowing Sand/Dirt,Standing Water,Unknown,Y,Y,"657 Wells Bypass Timothychester , PR 29950"
679,REPORT679,STATUS3,ADDRTYPE3,"49174 Mark Rapid
Jesuston, SD 67614",Pedestrian,2.0,2.0,0.0,1.0,2,1,1,2023-06-08,2023-03-08 03:25:08,Unknown,Ice,Daylight,Y,Y,"49174 Mark Rapid Jesuston , SD 67614"
680,REPORT680,STATUS2,ADDRTYPE3,"50212 Brooks Drives
Fieldsville, TN 77321",Parked Car,1.0,2.0,1.0,1.0,3,0,1,2023-09-16,2023-09-24 03:25:08,Clear,Dry,Daylight,N,N,"50212 Brooks Drives Fieldsville , TN 77321"
681,REPORT681,STATUS3,ADDRTYPE3,"91957 Madison Stravenue Suite 273
Duffyshire, VT 50206",Sideswipe,3.0,1.0,0.0,2.0,2,0,0,2023-02-21,2023-10-26 03:25:08,Sleet/Hail/Freezing Rain,Ice,Daylight,Y,Y,"91957 Madison Stravenue Suite 273 Duffyshire , VT 50206"
682,REPORT682,STATUS2,ADDRTYPE3,"544 Valentine Prairie Suite 793
Amandamouth, HI 26874",Pedestrian,5.0,2.0,1.0,3.0,3,1,0,2023-10-26,2023-05-27 03:25:08,Clear,Unknown,Dark - No Street Lights,Y,N,"544 Valentine Prairie Suite 793 Amandamouth , HI 26874"
683,REPORT683,STATUS3,ADDRTYPE3,"687 Smith Pass Apt. 354
West Robert, WY 08653",Parked Car,2.0,2.0,1.0,3.0,1,0,1,2023-07-18,2023-06-07 03:25:08,Other,Oil,Dark - Street Lights Off,N,N,"687 Smith Pass Apt . 354 West Robert , WY 08653"
684,REPORT684,STATUS1,ADDRTYPE3,"9980 Mary Key
Courtneyport, MP 22017",Cycles,1.0,1.0,1.0,2.0,3,0,0,2023-12-01,2023-11-26 03:25:08,Unknown,Wet,Dawn,Y,N,"9980 Mary Key Courtneyport , MP 22017"
685,REPORT685,STATUS2,ADDRTYPE1,"353 Lee Fork
Port Mary, CT 16493",Other,3.0,2.0,1.0,3.0,2,0,1,2023-10-03,2023-12-06 03:25:08,Snowing,Standing Water,Daylight,N,Y,"353 Lee Fork Port Mary , CT 16493"
686,REPORT686,STATUS2,ADDRTYPE3,"207 Wallace Lodge
Hillburgh, MP 79106",Other,1.0,2.0,0.0,2.0,3,1,0,2024-01-03,2024-01-02 03:25:08,Severe Crosswind,Dry,Dark - No Street Lights,N,Y,"207 Wallace Lodge Hillburgh , MP 79106"
687,REPORT687,STATUS1,ADDRTYPE3,"9743 Joseph Harbors Apt. 293
West Rhondamouth, UT 01123",Sideswipe,4.0,2.0,0.0,3.0,1,1,0,2023-05-28,2023-12-30 03:25:08,Fog/Smog/Smoke,Other,Dark - Street Lights On,Y,Y,"9743 Joseph Harbors Apt . 293 West Rhondamouth , UT 01123"
688,REPORT688,STATUS3,ADDRTYPE3,"20035 Michael Walk
Port Robinborough, VA 48051",Parked Car,5.0,2.0,1.0,2.0,0,0,1,2023-08-10,2023-09-17 03:25:08,Sleet/Hail/Freezing Rain,Ice,Unknown,Y,N,"20035 Michael Walk Port Robinborough , VA 48051"
689,REPORT689,STATUS2,ADDRTYPE2,"10715 Gavin View Apt. 168
North Anthony, FM 88035",Cycles,3.0,0.0,1.0,2.0,3,1,1,2023-12-17,2023-09-01 03:25:08,Blowing Sand/Dirt,Unknown,Dusk,Y,Y,"10715 Gavin View Apt . 168 North Anthony , FM 88035"
690,REPORT690,STATUS1,ADDRTYPE1,"4876 Mooney Trail
East Sandra, TN 79011",Rear Ended,5.0,0.0,1.0,2.0,2,0,1,2023-11-03,2023-07-03 03:25:08,Overcast,Sand/Mud/Dirt,Other,Y,N,"4876 Mooney Trail East Sandra , TN 79011"
691,REPORT691,STATUS2,ADDRTYPE1,"8463 Dawn Squares
Port Deanna, WA 31568",Pedestrian,2.0,0.0,1.0,2.0,1,1,1,2023-07-29,2023-06-13 03:25:08,Sleet/Hail/Freezing Rain,Wet,Unknown,Y,N,"8463 Dawn Squares Port Deanna , WA 31568"
692,REPORT692,STATUS2,ADDRTYPE2,"546 Craig Hills Apt. 828
East Raymond, FL 41325",Pedestrian,2.0,2.0,0.0,3.0,0,1,0,2023-04-09,2023-08-24 03:25:08,Snowing,Other,Dusk,Y,Y,"546 Craig Hills Apt . 828 East Raymond , FL 41325"
693,REPORT693,STATUS2,ADDRTYPE3,"04374 Ward Mills Apt. 862
South Alexanderview, TN 07279",Parked Car,1.0,2.0,0.0,1.0,3,1,0,2024-01-22,2023-05-16 03:25:08,Raining,Dry,Dark - No Street Lights,N,N,"04374 Ward Mills Apt . 862 South Alexanderview , TN 07279"
694,REPORT694,STATUS3,ADDRTYPE2,"75940 Moore Mission Apt. 766
Timothyfurt, VI 24318",Pedestrian,2.0,1.0,0.0,3.0,0,1,1,2023-10-30,2023-10-11 03:25:08,,,,Y,N,"75940 Moore Mission Apt . 766 Timothyfurt , VI 24318"
695,REPORT695,STATUS1,ADDRTYPE2,"33802 Debbie Ranch Apt. 648
New Christine, MI 57591",Other,2.0,2.0,1.0,1.0,3,0,0,2023-08-03,2023-03-17 03:25:08,Sleet/Hail/Freezing Rain,Oil,Unknown,Y,N,"33802 Debbie Ranch Apt . 648 New Christine , MI 57591"
696,REPORT696,STATUS1,ADDRTYPE2,"4511 Terry Expressway
Alexandermouth, PR 34982",Sideswipe,3.0,1.0,1.0,2.0,3,0,1,2023-11-17,2023-06-15 03:25:08,Fog/Smog/Smoke,Oil,Dark - No Street Lights,Y,Y,"4511 Terry Expressway Alexandermouth , PR 34982"
697,REPORT697,STATUS1,ADDRTYPE1,"375 Jennifer Lodge Suite 846
Lake Shawn, KS 20704",Other,5.0,2.0,1.0,1.0,0,0,0,2023-05-09,2023-10-13 03:25:08,Sleet/Hail/Freezing Rain,Ice,Unknown,Y,N,"375 Jennifer Lodge Suite 846 Lake Shawn , KS 20704"
698,REPORT698,STATUS1,ADDRTYPE1,"PSC 7114, Box 7227
APO AP 50170",Left Turn,1.0,0.0,1.0,1.0,0,0,0,2023-04-16,2023-08-17 03:25:08,Snowing,Unknown,Other,Y,Y,"PSC 7114 , Box 7227 APO AP 50170"
699,REPORT699,STATUS2,ADDRTYPE1,"8223 Tyler Oval Apt. 220
East Josephview, IA 01449",Angles,2.0,2.0,1.0,3.0,1,0,0,2024-01-11,2023-06-30 03:25:08,Raining,Sand/Mud/Dirt,Unknown,N,N,"8223 Tyler Oval Apt . 220 East Josephview , IA 01449"
700,REPORT700,STATUS3,ADDRTYPE3,"15381 William Run Apt. 998
South Lauren, NH 26133",Cycles,5.0,2.0,0.0,2.0,3,1,1,2023-03-02,2024-02-13 03:25:08,Overcast,Other,Unknown,N,N,"15381 William Run Apt . 998 South Lauren , NH 26133"
701,REPORT701,STATUS1,ADDRTYPE3,"450 Stacy Walk Apt. 073
Marieville, UT 80324",Left Turn,4.0,0.0,1.0,2.0,3,1,0,2023-06-25,2023-08-23 03:25:08,,,,Y,N,"450 Stacy Walk Apt . 073 Marieville , UT 80324"
702,REPORT702,STATUS3,ADDRTYPE2,"PSC 8573, Box 2854
APO AA 63036",Angles,3.0,2.0,0.0,2.0,0,0,0,2023-06-20,2023-09-18 03:25:08,Raining,Unknown,Daylight,N,N,"PSC 8573 , Box 2854 APO AA 63036"
703,REPORT703,STATUS1,ADDRTYPE1,"44640 Gabrielle Groves Apt. 804
Virginiamouth, NM 55309",Other,2.0,2.0,0.0,1.0,1,1,1,2023-09-12,2023-02-21 03:25:08,Other,Sand/Mud/Dirt,Daylight,N,Y,"44640 Gabrielle Groves Apt . 804 Virginiamouth , NM 55309"
704,REPORT704,STATUS1,ADDRTYPE1,"82799 Adam Locks Apt. 677
East Amy, IA 83003",Rear Ended,2.0,2.0,1.0,2.0,0,0,0,2023-03-22,2023-09-02 03:25:08,,,,N,Y,"82799 Adam Locks Apt . 677 East Amy , IA 83003"
705,REPORT705,STATUS2,ADDRTYPE3,"PSC 5861, Box 5729
APO AP 19467",Sideswipe,2.0,2.0,0.0,3.0,2,1,1,2023-03-28,2023-05-30 03:25:08,,,,Y,N,"PSC 5861 , Box 5729 APO AP 19467"
706,REPORT706,STATUS2,ADDRTYPE3,"21798 Hunt Landing
Rodriguezville, PW 26957",Pedestrian,5.0,1.0,1.0,1.0,1,1,1,2023-07-27,2023-03-17 03:25:08,Raining,Unknown,Dawn,N,N,"21798 Hunt Landing Rodriguezville , PW 26957"
707,REPORT707,STATUS2,ADDRTYPE1,"65030 Andrew Ville
Lake Alexis, WA 04683",Rear Ended,3.0,2.0,0.0,1.0,2,1,0,2023-08-09,2023-04-20 03:25:08,Other,Snow/Slush,Dark - Street Lights On,N,Y,"65030 Andrew Ville Lake Alexis , WA 04683"
708,REPORT708,STATUS3,ADDRTYPE1,"349 Daniel Courts
West Brittney, MP 48476",Angles,3.0,0.0,1.0,1.0,1,0,1,2023-11-27,2023-06-17 03:25:08,Overcast,Wet,Dark - No Street Lights,N,Y,"349 Daniel Courts West Brittney , MP 48476"
709,REPORT709,STATUS2,ADDRTYPE3,"Unit 1501 Box 7226
DPO AE 89580",Other,5.0,1.0,0.0,1.0,3,1,0,2024-01-23,2023-12-24 03:25:08,Blowing Sand/Dirt,Dry,Unknown,N,Y,Unit 1501 Box 7226 DPO AE 89580
710,REPORT710,STATUS2,ADDRTYPE3,"9780 Jones Mountains
West David, MP 56455",Other,1.0,2.0,1.0,3.0,0,0,0,2023-08-13,2023-10-04 03:25:08,Other,Ice,Unknown,Y,Y,"9780 Jones Mountains West David , MP 56455"
711,REPORT711,STATUS1,ADDRTYPE1,"095 Vanessa Field
Riosville, MS 28834",Cycles,3.0,1.0,0.0,1.0,1,1,1,2023-03-25,2023-03-05 03:25:08,Snowing,Sand/Mud/Dirt,Dark - Street Lights On,N,N,"095 Vanessa Field Riosville , MS 28834"
712,REPORT712,STATUS1,ADDRTYPE2,"13524 Brandi Vista
Tammyville, IN 12225",Other,5.0,2.0,1.0,1.0,3,0,1,2023-07-17,2023-05-30 03:25:08,Sleet/Hail/Freezing Rain,Sand/Mud/Dirt,Other,N,Y,"13524 Brandi Vista Tammyville , IN 12225"
713,REPORT713,STATUS2,ADDRTYPE2,"2071 Cortez Groves Suite 184
Norrisshire, MA 79340",Left Turn,5.0,2.0,1.0,3.0,3,0,1,2023-11-12,2023-03-29 03:25:08,Blowing Sand/Dirt,Ice,Dusk,N,Y,"2071 Cortez Groves Suite 184 Norrisshire , MA 79340"
714,REPORT714,STATUS2,ADDRTYPE2,"84092 Kelly Centers Suite 817
Kyleport, OK 25184",Sideswipe,2.0,2.0,1.0,2.0,2,1,1,2023-10-04,2024-02-09 03:25:08,Raining,Sand/Mud/Dirt,Unknown,Y,N,"84092 Kelly Centers Suite 817 Kyleport , OK 25184"
715,REPORT715,STATUS3,ADDRTYPE2,"679 Stark Station
East Jacquelinehaven, GA 64056",Rear Ended,5.0,2.0,1.0,3.0,2,0,0,2023-12-26,2023-12-06 03:25:08,Other,Ice,Dark - No Street Lights,N,N,"679 Stark Station East Jacquelinehaven , GA 64056"
716,REPORT716,STATUS3,ADDRTYPE1,"47423 Ford Station Apt. 183
South Shannonville, VT 05774",Other,2.0,1.0,0.0,2.0,3,0,0,2023-12-28,2023-07-24 03:25:08,Clear,Unknown,Other,Y,N,"47423 Ford Station Apt . 183 South Shannonville , VT 05774"
717,REPORT717,STATUS1,ADDRTYPE2,"9905 Ryan Crest
Newtonport, FL 58710",Other,4.0,2.0,0.0,1.0,2,0,0,2024-01-11,2023-10-30 03:25:08,,,,N,Y,"9905 Ryan Crest Newtonport , FL 58710"
718,REPORT718,STATUS3,ADDRTYPE2,"0669 Thompson Squares
New Crystalview, TX 95341",Angles,5.0,2.0,0.0,1.0,3,1,1,2023-08-18,2023-03-19 03:25:08,Raining,Oil,Other,N,Y,"0669 Thompson Squares New Crystalview , TX 95341"
719,REPORT719,STATUS2,ADDRTYPE3,"USS Henderson
FPO AA 17974",Cycles,3.0,2.0,0.0,1.0,3,1,0,2023-04-17,2023-12-09 03:25:08,Blowing Sand/Dirt,Wet,Dark - Street Lights On,N,Y,USS Henderson FPO AA 17974
720,REPORT720,STATUS2,ADDRTYPE2,"825 Carter Trafficway
West Robert, WY 07283",Other,2.0,1.0,0.0,3.0,3,1,1,2023-09-01,2023-08-21 03:25:08,Other,Other,Dark - Street Lights On,Y,Y,"825 Carter Trafficway West Robert , WY 07283"
721,REPORT721,STATUS1,ADDRTYPE3,"3037 Foley Camp
Thomasbury, WA 19647",Other,4.0,1.0,0.0,2.0,2,0,1,2024-02-05,2023-06-10 03:25:08,Unknown,Unknown,Dark - No Street Lights,N,Y,"3037 Foley Camp Thomasbury , WA 19647"
722,REPORT722,STATUS2,ADDRTYPE3,"52926 Norton Plains Suite 132
South Tamiberg, NV 15231",Pedestrian,1.0,0.0,0.0,2.0,1,0,0,2023-10-20,2024-02-04 03:25:08,Blowing Sand/Dirt,Ice,Dusk,N,Y,"52926 Norton Plains Suite 132 South Tamiberg , NV 15231"
723,REPORT723,STATUS2,ADDRTYPE1,"33799 Roy Tunnel Apt. 653
South Brian, MT 65717",Other,1.0,2.0,0.0,3.0,3,0,1,2023-09-28,2023-10-17 03:25:08,Clear,Sand/Mud/Dirt,Dark - No Street Lights,N,N,"33799 Roy Tunnel Apt . 653 South Brian , MT 65717"
724,REPORT724,STATUS2,ADDRTYPE1,"52527 Hernandez Ways Apt. 367
North Amandaton, GA 64490",Left Turn,1.0,0.0,0.0,3.0,0,1,0,2023-11-28,2023-04-30 03:25:08,Clear,Wet,Unknown,Y,N,"52527 Hernandez Ways Apt . 367 North Amandaton , GA 64490"
725,REPORT725,STATUS2,ADDRTYPE1,"Unit 0258 Box 7772
DPO AA 79340",Sideswipe,2.0,0.0,1.0,2.0,0,0,1,2023-05-18,2023-02-28 03:25:08,Unknown,Dry,Dusk,N,Y,Unit 0258 Box 7772 DPO AA 79340
726,REPORT726,STATUS3,ADDRTYPE1,"14073 Denise Heights
Thomasside, MT 16990",Pedestrian,5.0,1.0,0.0,3.0,2,0,1,2023-12-27,2023-07-14 03:25:08,Overcast,Dry,Other,N,N,"14073 Denise Heights Thomasside , MT 16990"
727,REPORT727,STATUS3,ADDRTYPE3,"289 Jimmy Trace
Mitchellport, OK 38724",Cycles,2.0,0.0,0.0,1.0,3,1,0,2024-01-17,2023-08-19 03:25:08,Severe Crosswind,Standing Water,Dusk,N,N,"289 Jimmy Trace Mitchellport , OK 38724"
728,REPORT728,STATUS3,ADDRTYPE1,"82731 Brenda Burg Suite 961
Lake Paultown, IL 95753",Left Turn,1.0,0.0,0.0,2.0,3,1,1,2023-11-03,2023-11-06 03:25:08,Fog/Smog/Smoke,Oil,Dark - Street Lights Off,Y,Y,"82731 Brenda Burg Suite 961 Lake Paultown , IL 95753"