OBJECTID,REPORTNO,STATUS,ADDRTYPE,LOCATION,COLLISIONTYPE,PERSONCOUNT,PEDCOUNT,PEDCYLCOUNT,VEHCOUNT,INJURIES,SERIOUSINJURIES,FATALITIES,INCDATE,INCDTTM,WEATHER,ROADCOND,LIGHTCOND,SPEEDING,HITPARKEDCAR,LOCATION_PROCESSED
729,REPORT729,STATUS3,ADDRTYPE3,"8622 Price Dale Apt. 562
Kingville, FM 05144",Sideswipe,5.0,2.0,1.0,3.0,1,0,0,2023-04-20,2024-01-05 03:25:08,Unknown,Sand/Mud/Dirt,Daylight,N,N,"8622 Price Dale Apt . 562 Kingville , FM 05144"
730,REPORT730,STATUS3,ADDRTYPE1,"Unit 7225 Box 8436
DPO AE 86388",Sideswipe,4.0,0.0,1.0,2.0,1,0,0,2024-02-14,2023-11-12 03:25:08,Unknown,Standing Water,Dark - No Street Lights,Y,Y,Unit 7225 Box 8436 DPO AE 86388
731,REPORT731,STATUS1,ADDRTYPE2,"1917 Evans Common
Mullinsview, NH 45143",Left Turn,1.0,0.0,1.0,3.0,0,1,1,2023-09-14,2023-08-10 03:25:08,,,,N,N,"1917 Evans Common Mullinsview , NH 45143"
732,REPORT732,STATUS2,ADDRTYPE2,"19478 Susan Corners
Masonport, ME 86099",Cycles,3.0,1.0,0.0,2.0,0,1,1,2023-11-15,2023-03-29 03:25:08,Sleet/Hail/Freezing Rain,Standing Water,Other,Y,N,"19478 Susan Corners Masonport , ME 86099"
733,REPORT733,STATUS1,ADDRTYPE3,"763 Tracy Dam Suite 128
Lake Raymond, NM 14777",Cycles,5.0,0.0,1.0,2.0,0,0,0,2023-05-13,2023-12-26 03:25:08,Overcast,Snow/Slush,Dark - Street Lights On,N,Y,"763 Tracy Dam Suite 128 Lake Raymond , NM 14777"
734,REPORT734,STATUS2,ADDRTYPE2,"293 Pamela Fork
Dominguezbury, NY 10906",Angles,2.0,1.0,0.0,2.0,0,0,1,2023-11-08,2023-10-02 03:25:08,Sleet/Hail/Freezing Rain,Oil,Dark - Street Lights On,N,N,"293 Pamela Fork Dominguezbury , NY 10906"
735,REPORT735,STATUS2,ADDRTYPE2,"093 Johnson Wall Apt. 658
Turnerville, NH 51311",Cycles,2.0,2.0,0.0,1.0,3,0,1,2023-03-30,2023-04-05 03:25:08,Overcast,Wet,Dark - No Street Lights,Y,N,"093 Johnson Wall Apt . 658 Turnerville , NH 51311"
736,REPORT736,STATUS2,ADDRTYPE3,"197 Alvarez Trail Apt. 935
East Terri, IN 79601",Left Turn,3.0,1.0,0.0,1.0,0,1,0,2024-02-03,2023-03-09 03:25:08,Sleet/Hail/Freezing Rain,Oil,Dark - Street Lights Off,Y,Y,"197 Alvarez Trail Apt . 935 East Terri , IN 79601"
737,REPORT737,STATUS1,ADDRTYPE2,"02754 Jones Springs Apt. 941
Port John, MT 77300",Other,2.0,0.0,0.0,2.0,1,1,1,2023-10-19,2023-05-17 03:25:08,Snowing,Dry,Dusk,Y,Y,"02754 Jones Springs Apt . 941 Port John , MT 77300"
738,REPORT738,STATUS2,ADDRTYPE2,"955 Evans Estates
Kramershire, ID 31964",Left Turn,3.0,0.0,1.0,3.0,3,1,1,2023-10-05,2023-07-04 03:25:08,Overcast,Sand/Mud/Dirt,Dawn,Y,Y,"955 Evans Estates Kramershire , ID 31964"
739,REPORT739,STATUS2,ADDRTYPE2,"751 Hicks Ports
Garrettshire, PA 39181",Left Turn,1.0,2.0,0.0,1.0,2,1,1,2024-01-07,2023-05-26 03:25:08,Unknown,Sand/Mud/Dirt,Dark - No Street Lights,N,Y,"751 Hicks Ports Garrettshire , PA 39181"
740,REPORT740,STATUS3,ADDRTYPE1,"340 Gary Walk
New Dana, AZ 79580",Pedestrian,1.0,1.0,1.0,3.0,1,1,0,2023-05-04,2023-11-22 03:25:08,Raining,Dry,Unknown,N,Y,"340 Gary Walk New Dana , AZ 79580"
741,REPORT741,STATUS3,ADDRTYPE3,"63341 Erica Ridges
Port Cesarport, AR 70316",Rear Ended,2.0,0.0,0.0,2.0,2,0,1,2023-05-06,2023-10-07 03:25:08,Blowing Sand/Dirt,Snow/Slush,Other,N,Y,"63341 Erica Ridges Port Cesarport , AR 70316"
742,REPORT742,STATUS2,ADDRTYPE1,"953 Alvarez Vista Suite 137
Pottsfurt, NY 19092",Other,5.0,2.0,1.0,3.0,0,1,0,2024-01-28,2023-03-09 03:25:08,,,,Y,N,"953 Alvarez Vista Suite 137 Pottsfurt , NY 19092"
743,REPORT743,STATUS3,ADDRTYPE2,"4954 Watson Port
East Rebecca, AL 17885",Parked Car,2.0,0.0,1.0,1.0,0,0,0,2023-05-07,2023-08-25 03:25:08,Clear,Dry,Dawn,N,Y,"4954 Watson Port East Rebecca , AL 17885"
744,REPORT744,STATUS1,ADDRTYPE2,"8787 Anna Walks
Bushshire, NV 84936",Rear Ended,1.0,1.0,1.0,3.0,3,0,0,2023-06-17,2023-09-03 03:25:08,,,,Y,N,"8787 Anna Walks Bushshire , NV 84936"
745,REPORT745,STATUS2,ADDRTYPE1,"98285 Shawn Burg Suite 502
Jenkinschester, MT 23564",Sideswipe,5.0,1.0,0.0,3.0,3,0,0,2024-01-27,2023-08-03 03:25:08,Raining,Standing Water,Dark - Street Lights Off,N,N,"98285 Shawn Burg Suite 502 Jenkinschester , MT 23564"
746,REPORT746,STATUS1,ADDRTYPE2,"88248 Joe Club Suite 770
East Richard, CO 74549",Pedestrian,3.0,0.0,1.0,2.0,1,1,0,2024-01-26,2023-04-24 03:25:08,Sleet/Hail/Freezing Rain,Oil,Dark - Street Lights Off,N,N,"88248 Joe Club Suite 770 East Richard , CO 74549"
747,REPORT747,STATUS3,ADDRTYPE3,"PSC 8587, Box 0090
APO AA 70668",Sideswipe,1.0,2.0,0.0,2.0,2,0,1,2023-09-11,2023-07-21 03:25:08,Blowing Sand/Dirt,Sand/Mud/Dirt,Dark - Street Lights Off,N,Y,"PSC 8587 , Box 0090 APO AA 70668"
748,REPORT748,STATUS3,ADDRTYPE3,"2031 Hannah Keys
Andersonville, WI 56588",Parked Car,3.0,2.0,0.0,3.0,3,1,1,2024-01-03,2023-10-01 03:25:08,Severe Crosswind,Standing Water,Dark - Street Lights On,Y,N,"2031 Hannah Keys Andersonville , WI 56588"
749,REPORT749,STATUS1,ADDRTYPE3,"7916 Timothy Lake Suite 076
North Katieborough, NV 64709",Other,4.0,2.0,1.0,3.0,3,0,1,2023-09-14,2023-09-14 03:25:08,Unknown,Wet,Other,N,Y,"7916 Timothy Lake Suite 076 North Katieborough , NV 64709"
750,REPORT750,STATUS2,ADDRTYPE2,"2738 Reynolds Trace
Whiteburgh, CT 06137",Left Turn,5.0,2.0,0.0,2.0,2,0,0,2024-02-15,2023-11-14 03:25:08,Overcast,Wet,Daylight,Y,Y,"2738 Reynolds Trace Whiteburgh , CT 06137"
751,REPORT751,STATUS3,ADDRTYPE3,"16336 Joseph Corner
Josephside, CO 53989",Other,1.0,0.0,0.0,1.0,2,1,0,2023-08-21,2024-01-29 03:25:08,Clear,Unknown,Other,Y,Y,"16336 Joseph Corner Josephside , CO 53989"
752,REPORT752,STATUS3,ADDRTYPE3,"6677 Martinez Corners Apt. 319
Port Sarah, AZ 83117",Pedestrian,3.0,2.0,0.0,1.0,0,1,1,2023-09-28,2023-04-29 03:25:08,,,,Y,N,"6677 Martinez Corners Apt . 319 Port Sarah , AZ 83117"
753,REPORT753,STATUS3,ADDRTYPE2,"PSC 6500, Box 1050
APO AA 91692",Other,3.0,2.0,0.0,3.0,0,0,1,2023-07-31,2023-05-29 03:25:08,Snowing,Wet,Dark - No Street Lights,Y,Y,"PSC 6500 , Box 1050 APO AA 91692"
754,REPORT754,STATUS1,ADDRTYPE1,"01187 Matthew Viaduct
Gordonport, DE 33938",Cycles,3.0,2.0,0.0,2.0,3,1,1,2023-06-08,2023-02-25 03:25:08,Severe Crosswind,Unknown,Other,N,Y,"01187 Matthew Viaduct Gordonport , DE 33938"
755,REPORT755,STATUS1,ADDRTYPE1,"1315 Moore Cliffs Apt. 304
Lake Troyhaven, RI 23062",Left Turn,2.0,1.0,1.0,3.0,0,1,1,2023-11-12,2023-08-28 03:25:08,Fog/Smog/Smoke,Other,Dark - Street Lights Off,Y,Y,"1315 Moore Cliffs Apt . 304 Lake Troyhaven , RI 23062"
756,REPORT756,STATUS3,ADDRTYPE2,"2614 Brown Rest Suite 133
West Ashleyshire, WY 45352",Sideswipe,2.0,0.0,0.0,2.0,3,1,1,2023-09-11,2023-04-12 03:25:08,Severe Crosswind,Standing Water,Dawn,Y,Y,"2614 Brown Rest Suite 133 West Ashleyshire , WY 45352"
757,REPORT757,STATUS2,ADDRTYPE3,"100 Beck Parks
Aprilfort, NJ 72813",Cycles,4.0,2.0,0.0,1.0,3,1,1,2023-08-03,2023-12-19 03:25:08,Unknown,Other,Other,N,N,"100 Beck Parks Aprilfort , NJ 72813"
758,REPORT758,STATUS1,ADDRTYPE1,"335 Warner Ridges Suite 350
Lake Lee, VA 19902",Cycles,4.0,2.0,0.0,3.0,2,1,1,2023-08-21,2023-07-13 03:25:08,Other,Unknown,Dawn,N,Y,"335 Warner Ridges Suite 350 Lake Lee , VA 19902"
759,REPORT759,STATUS2,ADDRTYPE1,"112 Walker Crossroad
South Marisa, NJ 75366",Cycles,3.0,1.0,0.0,2.0,3,0,0,2023-12-15,2023-07-02 03:25:08,Sleet/Hail/Freezing Rain,Ice,Daylight,N,Y,"112 Walker Crossroad South Marisa , NJ 75366"
760,REPORT760,STATUS1,ADDRTYPE1,"3448 Jenna Course Apt. 694
Campbellport, DE 59866",Parked Car,2.0,2.0,1.0,3.0,3,1,1,2023-02-25,2023-05-05 03:25:08,Blowing Sand/Dirt,Sand/Mud/Dirt,Daylight,Y,Y,"3448 Jenna Course Apt . 694 Campbellport , DE 59866"
761,REPORT761,STATUS1,ADDRTYPE2,"131 Sarah Haven
West Greg, NM 74532",Left Turn,5.0,2.0,0.0,1.0,3,1,1,2023-03-11,2023-08-26 03:25:08,Overcast,Ice,Dusk,N,Y,"131 Sarah Haven West Greg , NM 74532"
762,REPORT762,STATUS2,ADDRTYPE1,"74112 Taylor Heights
Rogerhaven, ME 11262",Parked Car,5.0,0.0,1.0,1.0,0,0,0,2024-01-01,2023-09-25 03:25:08,Snowing,Snow/Slush,Dark - Street Lights On,Y,N,"74112 Taylor Heights Rogerhaven , ME 11262"
763,REPORT763,STATUS2,ADDRTYPE1,"721 Parker Meadows
Richardsonborough, MS 02660",Parked Car,3.0,1.0,1.0,3.0,0,1,1,2023-09-03,2023-12-25 03:25:08,Unknown,Wet,Dawn,N,Y,"721 Parker Meadows Richardsonborough , MS 02660"
764,REPORT764,STATUS2,ADDRTYPE2,"USNS Saunders
FPO AP 69655",Cycles,2.0,1.0,1.0,3.0,1,1,0,2023-07-26,2024-02-15 03:25:08,Snowing,Other,Unknown,Y,N,USNS Saunders FPO AP 69655
765,REPORT765,STATUS1,ADDRTYPE2,"2023 Stein Park
Port Carrie, GA 23254",Parked Car,5.0,1.0,0.0,3.0,2,0,0,2023-06-07,2023-06-09 03:25:08,Sleet/Hail/Freezing Rain,Wet,Dark - No Street Lights,N,Y,"2023 Stein Park Port Carrie , GA 23254"
766,REPORT766,STATUS2,ADDRTYPE2,"99635 Shaw Port
Whitefort, RI 14404",Rear Ended,2.0,2.0,0.0,2.0,1,0,1,2023-12-30,2023-03-06 03:25:08,Sleet/Hail/Freezing Rain,Sand/Mud/Dirt,Daylight,N,N,"99635 Shaw Port Whitefort , RI 14404"
767,REPORT767,STATUS2,ADDRTYPE1,"37887 Johnson Ports Suite 280
West Hector, RI 12767",Rear Ended,4.0,1.0,0.0,2.0,3,0,0,2023-06-07,2023-12-06 03:25:08,Fog/Smog/Smoke,Sand/Mud/Dirt,Daylight,Y,Y,"37887 Johnson Ports Suite 280 West Hector , RI 12767"
768,REPORT768,STATUS2,ADDRTYPE1,"61905 Thomas Vista Suite 245
Riceton, DE 57572",Angles,3.0,2.0,1.0,3.0,3,1,1,2023-12-05,2023-06-26 03:25:08,Severe Crosswind,Ice,Daylight,Y,Y,"61905 Thomas Vista Suite 245 Riceton , DE 57572"
769,REPORT769,STATUS2,ADDRTYPE2,"1117 Carpenter Brook Apt. 160
Cassandraburgh, MA 75435",Rear Ended,3.0,0.0,1.0,1.0,1,0,1,2024-02-07,2023-03-08 03:25:08,Other,Snow/Slush,Dawn,N,N,"1117 Carpenter Brook Apt . 160 Cassandraburgh , MA 75435"
770,REPORT770,STATUS2,ADDRTYPE3,"011 Alice Motorway Apt. 052
Lake Christopher, UT 55819",Rear Ended,2.0,0.0,0.0,3.0,2,0,0,2023-04-25,2023-12-05 03:25:08,Blowing Sand/Dirt,Other,Dark - Street Lights Off,N,Y,"011 Alice Motorway Apt . 052 Lake Christopher , UT 55819"
771,REPORT771,STATUS2,ADDRTYPE2,"8846 Christine Roads Suite 935
Mosesside, LA 59262",Pedestrian,2.0,2.0,1.0,3.0,3,0,0,2023-08-08,2023-05-28 03:25:08,Sleet/Hail/Freezing Rain,Snow/Slush,Dusk,N,N,"8846 Christine Roads Suite 935 Mosesside , LA 59262"
772,REPORT772,STATUS2,ADDRTYPE1,"52255 Scott Circle
New Anthonymouth, OK 07366",Parked Car,1.0,1.0,1.0,1.0,3,1,1,2023-06-20,2023-09-24 03:25:08,Snowing,Sand/Mud/Dirt,Dark - No Street Lights,Y,Y,"52255 Scott Circle New Anthonymouth , OK 07366"
773,REPORT773,STATUS1,ADDRTYPE1,"36166 Thomas Way Apt. 321
Fernandezfurt, MT 10230",Other,5.0,0.0,1.0,1.0,0,1,1,2023-04-25,2023-04-06 03:25:08,Raining,Other,Daylight,Y,N,"36166 Thomas Way Apt . 321 Fernandezfurt , MT 10230"
774,REPORT774,STATUS2,ADDRTYPE2,"5216 Ashlee Station
Lake Rogerton, IL 81533",Angles,4.0,2.0,1.0,2.0,3,1,1,2024-01-31,2023-05-10 03:25:08,Unknown,Sand/Mud/Dirt,Dark - Street Lights Off,Y,N,"5216 Ashlee Station Lake Rogerton , IL 81533"
775,REPORT775,STATUS1,ADDRTYPE3,"57130 Debbie Branch Apt. 039
Port Ashley, WI 28329",Parked Car,5.0,1.0,1.0,3.0,3,0,0,2023-09-24,2023-03-16 03:25:08,,,,Y,Y,"57130 Debbie Branch Apt . 039 Port Ashley , WI 28329"
776,REPORT776,STATUS3,ADDRTYPE3,"484 Benson Cliffs Apt. 183
North Natasha, DE 40703",Rear Ended,1.0,0.0,1.0,3.0,3,0,0,2023-11-29,2023-11-28 03:25:08,Snowing,Snow/Slush,Dark - No Street Lights,N,N,"484 Benson Cliffs Apt . 183 North Natasha , DE 40703"
777,REPORT777,STATUS3,ADDRTYPE1,"492 Lauren Valley
North Christopherhaven, NJ 26453",Other,2.0,2.0,1.0,3.0,1,0,0,2023-12-04,2023-09-17 03:25:08,Fog/Smog/Smoke,Dry,Daylight,N,N,"492 Lauren Valley North Christopherhaven , NJ 26453"
778,REPORT778,STATUS1,ADDRTYPE3,"73084 Travis Square Apt. 050
Lake Theodorefurt, IA 30695",Cycles,5.0,2.0,1.0,3.0,0,1,0,2023-03-07,2023-06-15 03:25:08,Sleet/Hail/Freezing Rain,Unknown,Dusk,Y,N,"73084 Travis Square Apt . 050 Lake Theodorefurt , IA 30695"
779,REPORT779,STATUS2,ADDRTYPE3,"USNV Moss
FPO AA 86137",Left Turn,3.0,2.0,0.0,1.0,3,0,0,2023-06-27,2023-09-25 03:25:08,Other,Unknown,Dark - Street Lights On,Y,N,USNV Moss FPO AA 86137
780,REPORT780,STATUS1,ADDRTYPE3,"17460 Madison Views
Jeffreybury, AR 86265",Rear Ended,5.0,2.0,0.0,3.0,2,1,1,2024-01-10,2024-01-17 03:25:08,,,,N,Y,"17460 Madison Views Jeffreybury , AR 86265"
781,REPORT781,STATUS3,ADDRTYPE2,"329 Brown Road Apt. 109
Sergiomouth, NH 04069",Cycles,2.0,1.0,1.0,3.0,3,1,0,2023-04-05,2023-09-22 03:25:08,Fog/Smog/Smoke,Snow/Slush,Unknown,Y,Y,"329 Brown Road Apt . 109 Sergiomouth , NH 04069"
782,REPORT782,STATUS1,ADDRTYPE1,"9565 Olson Manor
Anthonyborough, MD 99856",Cycles,5.0,2.0,1.0,3.0,3,1,0,2024-01-03,2024-02-12 03:25:08,Raining,Dry,Dusk,N,N,"9565 Olson Manor Anthonyborough , MD 99856"
783,REPORT783,STATUS3,ADDRTYPE2,"32098 Molly Corners
Tracyton, AK 45137",Rear Ended,1.0,2.0,1.0,3.0,2,1,1,2023-10-24,2023-07-02 03:25:08,,,,Y,N,"32098 Molly Corners Tracyton , AK 45137"
784,REPORT784,STATUS1,ADDRTYPE3,"USS Lopez
FPO AE 45046",Rear Ended,4.0,2.0,1.0,2.0,2,0,1,2023-11-01,2024-01-30 03:25:08,Sleet/Hail/Freezing Rain,Other,Dark - Street Lights On,N,N,USS Lopez FPO AE 45046
785,REPORT785,STATUS1,ADDRTYPE1,"536 James Mountain Suite 238
Michaelton, LA 77639",Pedestrian,2.0,2.0,1.0,3.0,2,0,0,2023-03-08,2023-10-31 03:25:08,Other,Other,Dusk,Y,Y,"536 James Mountain Suite 238 Michaelton , LA 77639"
786,REPORT786,STATUS1,ADDRTYPE2,"91773 Miller Port Apt. 171
Port Jennifermouth, DE 06691",Rear Ended,3.0,0.0,1.0,1.0,0,0,0,2023-03-22,2023-09-28 03:25:08,Raining,Snow/Slush,Other,Y,Y,"91773 Miller Port Apt . 171 Port Jennifermouth , DE 06691"
787,REPORT787,STATUS1,ADDRTYPE1,"41280 Faith Unions
Whiteberg, CO 92734",Rear Ended,1.0,2.0,0.0,2.0,0,1,0,2023-12-09,2023-04-22 03:25:08,Other,Snow/Slush,Dusk,N,N,"41280 Faith Unions Whiteberg , CO 92734"
788,REPORT788,STATUS1,ADDRTYPE2,"8212 Bailey Road
Hillburgh, WY 66441",Sideswipe,2.0,0.0,0.0,3.0,0,1,1,2023-11-29,2023-12-18 03:25:08,Fog/Smog/Smoke,Unknown,Daylight,N,Y,"8212 Bailey Road Hillburgh , WY 66441"
789,REPORT789,STATUS3,ADDRTYPE1,"820 Zachary Stream Suite 483
East Johnton, ID 70033",Sideswipe,3.0,1.0,1.0,1.0,1,0,1,2023-06-08,2024-01-23 03:25:08,Overcast,Snow/Slush,Daylight,Y,N,"820 Zachary Stream Suite 483 East Johnton , ID 70033"
790,REPORT790,STATUS1,ADDRTYPE2,"675 Wade Inlet Apt. 080
Morenoland, WA 03290",Rear Ended,3.0,1.0,0.0,2.0,2,1,0,2023-05-31,2023-06-14 03:25:08,Sleet/Hail/Freezing Rain,Sand/Mud/Dirt,Dark - Street Lights Off,N,Y,"675 Wade Inlet Apt . 080 Morenoland , WA 03290"
791,REPORT791,STATUS1,ADDRTYPE3,"21410 Bautista Lakes Suite 862
South Laurafort, NV 90957",Pedestrian,2.0,0.0,0.0,2.0,2,0,0,2023-04-14,2023-09-16 03:25:08,,,,Y,Y,"21410 Bautista Lakes Suite 862 South Laurafort , NV 90957"
792,REPORT792,STATUS1,ADDRTYPE2,"31987 Lisa Ramp
Steveview, IL 52535",Parked Car,1.0,2.0,1.0,3.0,0,0,0,2023-03-23,2024-02-17 03:25:08,,,,Y,Y,"31987 Lisa Ramp Steveview , IL 52535"
793,REPORT793,STATUS2,ADDRTYPE3,"6160 Smith Stravenue Apt. 211
West Amanda, MH 31533",Angles,3.0,0.0,0.0,2.0,2,0,1,2023-05-28,2023-07-14 03:25:08,Fog/Smog/Smoke,Unknown,Dawn,Y,Y,"6160 Smith Stravenue Apt . 211 West Amanda , MH 31533"
794,REPORT794,STATUS3,ADDRTYPE2,"15992 Jill Ford Apt. 630
West Katherinefort, AR 63794",Angles,4.0,0.0,1.0,3.0,3,1,1,2023-08-29,2023-08-23 03:25:08,Unknown,Unknown,Daylight,Y,Y,"15992 Jill Ford Apt . 630 West Katherinefort , AR 63794"
795,REPORT795,STATUS1,ADDRTYPE3,"716 Summers Neck
Jamesburgh, ID 17065",Parked Car,1.0,0.0,0.0,3.0,0,1,0,2023-07-05,2023-03-18 03:25:08,Clear,Unknown,Dusk,Y,Y,"716 Summers Neck Jamesburgh , ID 17065"
796,REPORT796,STATUS3,ADDRTYPE3,"0744 Jones Glen Suite 281
Sandovalmouth, LA 70129",Other,3.0,2.0,0.0,2.0,3,0,1,2023-12-14,2024-02-19 03:25:08,Snowing,Snow/Slush,Dark - No Street Lights,Y,Y,"0744 Jones Glen Suite 281 Sandovalmouth , LA 70129"
797,REPORT797,STATUS1,ADDRTYPE2,"905 Julia Parkways
Caitlinport, NC 94247",Other,2.0,2.0,1.0,2.0,2,0,0,2023-08-30,2024-01-25 03:25:08,Snowing,Standing Water,Unknown,N,Y,"905 Julia Parkways Caitlinport , NC 94247"
798,REPORT798,STATUS2,ADDRTYPE2,"99753 Harper Pines Apt. 471
Staceyborough, CA 47570",Sideswipe,2.0,0.0,0.0,2.0,2,1,0,2023-09-24,2023-10-14 03:25:08,Blowing Sand/Dirt,Snow/Slush,Dark - Street Lights Off,N,Y,"99753 Harper Pines Apt . 471 Staceyborough , CA 47570"
799,REPORT799,STATUS3,ADDRTYPE1,"8679 Miller Port Apt. 656
West Olivia, IL 91174",Left Turn,1.0,1.0,1.0,2.0,3,0,0,2023-08-19,2023-12-11 03:25:08,Unknown,Ice,Dusk,N,Y,"8679 Miller Port Apt . 656 West Olivia , IL 91174"
800,REPORT800,STATUS2,ADDRTYPE2,"0066 Holden Ramp Apt. 084
North Davidton, VA 98842",Sideswipe,3.0,0.0,0.0,2.0,2,0,0,2023-04-06,2023-08-24 03:25:08,Fog/Smog/Smoke,Dry,Dark - No Street Lights,N,N,"0066 Holden Ramp Apt . 084 North Davidton , VA 98842"
801,REPORT801,STATUS2,ADDRTYPE1,"7532 Davis Glens Apt. 714
New Heather, KS 72914",Pedestrian,3.0,1.0,0.0,1.0,0,1,1,2023-07-14,2023-09-27 03:25:08,Clear,Ice,Dark - Street Lights Off,Y,Y,"7532 Davis Glens Apt . 714 New Heather , KS 72914"
802,REPORT802,STATUS1,ADDRTYPE2,"46092 Paul Extensions
Lake Jameston, GA 11405",Angles,1.0,1.0,0.0,1.0,1,1,1,2024-01-30,2023-06-07 03:25:08,Blowing Sand/Dirt,Snow/Slush,Daylight,N,Y,"46092 Paul Extensions Lake Jameston , GA 11405"
803,REPORT803,STATUS3,ADDRTYPE1,"593 Blair Glen
North Susanfort, PA 84832",Left Turn,1.0,2.0,1.0,3.0,1,0,1,2023-02-20,2023-03-16 03:25:08,Other,Unknown,Unknown,Y,N,"593 Blair Glen North Susanfort , PA 84832"
804,REPORT804,STATUS3,ADDRTYPE3,"691 Sarah Wells
Port Melissaview, ND 30799",Pedestrian,1.0,1.0,1.0,3.0,1,1,0,2023-03-07,2023-05-08 03:25:08,Snowing,Dry,Unknown,N,Y,"691 Sarah Wells Port Melissaview , ND 30799"
805,REPORT805,STATUS3,ADDRTYPE2,"57017 Crystal Garden Apt. 951
Thomasburgh, AK 38349",Cycles,4.0,0.0,0.0,3.0,2,1,1,2023-08-05,2023-12-02 03:25:08,Other,Snow/Slush,Dusk,N,Y,"57017 Crystal Garden Apt . 951 Thomasburgh , AK 38349"
806,REPORT806,STATUS3,ADDRTYPE3,"46298 Carson Cove Suite 423
Port Jamesville, CA 13628",Other,4.0,0.0,0.0,2.0,0,0,0,2023-10-20,2024-01-06 03:25:08,Fog/Smog/Smoke,Other,Dawn,Y,Y,"46298 Carson Cove Suite 423 Port Jamesville , CA 13628"
807,REPORT807,STATUS1,ADDRTYPE2,"319 Amber Crossroad Suite 048
North Heidi, PA 63799",Other,4.0,2.0,1.0,3.0,0,0,1,2023-11-05,2023-10-04 03:25:08,Fog/Smog/Smoke,Oil,Dark - Street Lights Off,N,Y,"319 Amber Crossroad Suite 048 North Heidi , PA 63799"
808,REPORT808,STATUS1,ADDRTYPE1,"720 Kim Ridges
Johnfurt, LA 17763",Sideswipe,2.0,1.0,1.0,3.0,2,0,1,2023-04-13,2023-12-08 03:25:08,Sleet/Hail/Freezing Rain,Oil,Dawn,N,Y,"720 Kim Ridges Johnfurt , LA 17763"
809,REPORT809,STATUS2,ADDRTYPE2,"PSC 1393, Box 0430
APO AA 30191",Angles,4.0,0.0,0.0,2.0,0,1,1,2023-04-15,2023-11-11 03:25:08,Fog/Smog/Smoke,Standing Water,Dusk,N,N,"PSC 1393 , Box 0430 APO AA 30191"
810,REPORT810,STATUS1,ADDRTYPE1,"2997 Jesse Squares Suite 909
Hartmanton, CA 58143",Rear Ended,4.0,1.0,0.0,1.0,2,0,1,2024-01-12,2023-07-13 03:25:08,Fog/Smog/Smoke,Sand/Mud/Dirt,Dawn,Y,Y,"2997 Jesse Squares Suite 909 Hartmanton , CA 58143"
811,REPORT811,STATUS3,ADDRTYPE1,"14678 Valenzuela Pike Suite 721
North Matthew, CO 69442",Angles,4.0,1.0,1.0,3.0,1,1,1,2023-12-03,2023-04-26 03:25:08,Snowing,Unknown,Dark - Street Lights Off,Y,N,"14678 Valenzuela Pike Suite 721 North Matthew , CO 69442"
812,REPORT812,STATUS1,ADDRTYPE2,"4684 Vicki Point Suite 136
Port Teresa, SD 62255",Pedestrian,3.0,2.0,1.0,2.0,0,1,0,2023-05-05,2024-01-09 03:25:08,Clear,Other,Daylight,Y,Y,"4684 Vicki Point Suite 136 Port Teresa , SD 62255"
813,REPORT813,STATUS2,ADDRTYPE3,"626 Kelsey Port
Coleborough, OH 53412",Pedestrian,5.0,0.0,0.0,3.0,2,0,0,2023-04-04,2023-09-24 03:25:08,Snowing,Unknown,Dark - Street Lights Off,N,N,"626 Kelsey Port Coleborough , OH 53412"
814,REPORT814,STATUS3,ADDRTYPE2,"54475 Nicholas Motorway
Heatherville, FL 10764",Pedestrian,4.0,0.0,1.0,1.0,0,0,0,2023-06-10,2023-10-30 03:25:08,,,,N,Y,"54475 Nicholas Motorway Heatherville , FL 10764"
815,REPORT815,STATUS3,ADDRTYPE3,"66671 Lisa Skyway Suite 422
Wilsonside, PA 66042",Cycles,1.0,0.0,0.0,3.0,3,0,0,2024-01-01,2024-02-03 03:25:08,Unknown,Other,Dark - Street Lights Off,N,Y,"66671 Lisa Skyway Suite 422 Wilsonside , PA 66042"
816,REPORT816,STATUS2,ADDRTYPE1,"PSC 4537, Box 9854
APO AE 92919",Rear Ended,4.0,1.0,0.0,1.0,3,0,0,2024-02-12,2023-06-22 03:25:08,Other,Oil,Dawn,N,Y,"PSC 4537 , Box 9854 APO AE 92919"
817,REPORT817,STATUS2,ADDRTYPE2,"4835 Marc Land Suite 967
Douglasside, IA 61210",Rear Ended,5.0,2.0,1.0,3.0,3,0,1,2023-12-08,2023-08-22 03:25:08,Clear,Other,Dusk,Y,N,"4835 Marc Land Suite 967 Douglasside , IA 61210"
818,REPORT818,STATUS3,ADDRTYPE2,"190 James Crest
Schultzview, MT 23759",Parked Car,2.0,0.0,1.0,2.0,2,0,0,2023-09-14,2023-10-15 03:25:08,,,,Y,N,"190 James Crest Schultzview , MT 23759"