OBJECTID,REPORTNO,STATUS,ADDRTYPE,LOCATION,COLLISIONTYPE,PERSONCOUNT,PEDCOUNT,PEDCYLCOUNT,VEHCOUNT,INJURIES,SERIOUSINJURIES,FATALITIES,INCDATE,INCDTTM,WEATHER,ROADCOND,LIGHTCOND,SPEEDING,HITPARKEDCAR,LOCATION_PROCESSED
819,REPORT819,STATUS1,ADDRTYPE3,"65522 Schmidt Junction
Port Stacytown, IN 95708",Angles,2.0,2.0,0.0,3.0,0,0,0,2023-05-15,2023-03-09 03:25:08,Sleet/Hail/Freezing Rain,Sand/Mud/Dirt,Dawn,Y,N,"65522 Schmidt Junction Port Stacytown , IN 95708"
820,REPORT820,STATUS1,ADDRTYPE2,"992 Huff Junction Apt. 638
Lauraberg, VI 82434",Cycles,4.0,2.0,1.0,3.0,3,1,1,2024-01-06,2023-03-30 03:25:08,Fog/Smog/Smoke,Unknown,Daylight,Y,N,"992 Huff Junction Apt . 638 Lauraberg , VI 82434"
821,REPORT821,STATUS3,ADDRTYPE1,"8807 Rivera Lakes Apt. 076
Austinbury, GU 54334",Pedestrian,1.0,2.0,0.0,1.0,0,0,1,2023-06-09,2023-08-06 03:25:08,Unknown,Oil,Dark - Street Lights Off,Y,N,"8807 Rivera Lakes Apt . 076 Austinbury , GU 54334"
822,REPORT822,STATUS3,ADDRTYPE2,"188 Jeffrey Vista Suite 889
Nelsonhaven, OK 79210",Left Turn,1.0,1.0,1.0,2.0,2,1,0,2024-01-02,2023-07-18 03:25:08,Severe Crosswind,Sand/Mud/Dirt,Daylight,Y,N,"188 Jeffrey Vista Suite 889 Nelsonhaven , OK 79210"
823,REPORT823,STATUS3,ADDRTYPE1,"9372 Amy Fort Apt. 312
East George, WY 98378",Angles,3.0,1.0,0.0,2.0,3,0,0,2023-07-02,2023-07-30 03:25:08,Overcast,Unknown,Other,Y,Y,"9372 Amy Fort Apt . 312 East George , WY 98378"
824,REPORT824,STATUS1,ADDRTYPE1,"66434 Chloe Junction
Lake Matthew, IN 41100",Rear Ended,1.0,2.0,1.0,1.0,3,0,1,2023-09-12,2023-12-31 03:25:08,Blowing Sand/Dirt,Sand/Mud/Dirt,Unknown,Y,Y,"66434 Chloe Junction Lake Matthew , IN 41100"
825,REPORT825,STATUS1,ADDRTYPE3,"USNS Bass
FPO AP 18082",Other,3.0,2.0,0.0,1.0,2,1,1,2023-11-25,2023-10-09 03:25:08,Unknown,Standing Water,Dusk,N,Y,USNS Bass FPO AP 18082
826,REPORT826,STATUS3,ADDRTYPE3,"851 Robert Expressway Apt. 836
Phillipsburgh, OR 29198",Other,3.0,1.0,0.0,3.0,0,1,1,2023-09-21,2023-09-18 03:25:08,Raining,Dry,Dark - Street Lights On,N,N,"851 Robert Expressway Apt . 836 Phillipsburgh , OR 29198"
827,REPORT827,STATUS2,ADDRTYPE1,"151 Evans Rapids
Jennifermouth, AZ 15606",Cycles,1.0,0.0,1.0,1.0,3,0,1,2023-11-29,2023-04-20 03:25:08,Severe Crosswind,Wet,Dark - Street Lights On,N,N,"151 Evans Rapids Jennifermouth , AZ 15606"
828,REPORT828,STATUS3,ADDRTYPE3,"357 Robert Lights
New Jaredside, MH 43769",Sideswipe,1.0,2.0,1.0,2.0,0,1,0,2024-01-16,2023-09-13 03:25:08,Severe Crosswind,Other,Dark - Street Lights On,N,Y,"357 Robert Lights New Jaredside , MH 43769"
829,REPORT829,STATUS3,ADDRTYPE3,"4827 Benson Track Apt. 690
Reyesmouth, RI 90200",Rear Ended,3.0,1.0,1.0,2.0,1,0,0,2023-09-29,2023-11-23 03:25:08,Other,Ice,Unknown,Y,Y,"4827 Benson Track Apt . 690 Reyesmouth , RI 90200"
830,REPORT830,STATUS1,ADDRTYPE1,"284 Samantha Circle Apt. 257
South Geneside, DE 79819",Angles,2.0,2.0,1.0,1.0,2,1,1,2023-04-30,2023-05-07 03:25:08,Overcast,Snow/Slush,Other,Y,N,"284 Samantha Circle Apt . 257 South Geneside , DE 79819"
831,REPORT831,STATUS3,ADDRTYPE2,"64291 Miller Stravenue
Rachaelfurt, NV 69854",Sideswipe,4.0,0.0,0.0,3.0,3,1,0,2023-08-17,2023-07-11 03:25:08,Severe Crosswind,Ice,Dark - Street Lights On,N,N,"64291 Miller Stravenue Rachaelfurt , NV 69854"
832,REPORT832,STATUS1,ADDRTYPE2,"6875 Regina Fort Suite 288
Jessicaview, AL 30573",Rear Ended,2.0,0.0,0.0,2.0,2,1,0,2023-08-23,2023-03-09 03:25:08,Blowing Sand/Dirt,Ice,Unknown,Y,N,"6875 Regina Fort Suite 288 Jessicaview , AL 30573"
833,REPORT833,STATUS2,ADDRTYPE3,"807 Martin Island Apt. 102
South Katherine, VT 70289",Parked Car,1.0,2.0,0.0,2.0,1,1,1,2024-01-05,2023-09-07 03:25:08,,,,Y,N,"807 Martin Island Apt . 102 South Katherine , VT 70289"
834,REPORT834,STATUS3,ADDRTYPE3,"367 Young Spring Apt. 698
East Williamburgh, OK 58739",Left Turn,5.0,0.0,1.0,2.0,2,0,0,2024-01-14,2023-04-29 03:25:08,Clear,Snow/Slush,Unknown,Y,Y,"367 Young Spring Apt . 698 East Williamburgh , OK 58739"
835,REPORT835,STATUS2,ADDRTYPE1,"97843 Nicholas Haven Apt. 805
Harrellview, MP 19892",Rear Ended,1.0,2.0,0.0,1.0,2,1,1,2023-11-20,2023-12-10 03:25:08,Fog/Smog/Smoke,Wet,Dawn,Y,N,"97843 Nicholas Haven Apt . 805 Harrellview , MP 19892"
836,REPORT836,STATUS3,ADDRTYPE1,"236 Booth Oval
West Christopher, VT 93616",Other,3.0,0.0,1.0,3.0,3,1,1,2023-02-21,2023-03-07 03:25:08,Raining,Ice,Dark - Street Lights Off,Y,Y,"236 Booth Oval West Christopher , VT 93616"
837,REPORT837,STATUS2,ADDRTYPE1,"01532 Susan Ville
East Bradley, VI 54442",Parked Car,5.0,1.0,0.0,1.0,1,1,0,2023-06-29,2023-11-09 03:25:08,Other,Other,Dawn,N,N,"01532 Susan Ville East Bradley , VI 54442"
838,REPORT838,STATUS1,ADDRTYPE1,"801 Boyer Spurs
Daltonfort, AL 16574",Pedestrian,5.0,2.0,1.0,3.0,3,0,0,2023-10-10,2023-10-14 03:25:08,Other,Sand/Mud/Dirt,Dawn,Y,N,"801 Boyer Spurs Daltonfort , AL 16574"
839,REPORT839,STATUS3,ADDRTYPE2,"7903 Jennifer Crescent Apt. 611
Port Lawrencechester, ME 64120",Angles,4.0,2.0,0.0,1.0,0,0,0,2023-06-22,2023-12-12 03:25:08,Blowing Sand/Dirt,Sand/Mud/Dirt,Dawn,N,Y,"7903 Jennifer Crescent Apt . 611 Port Lawrencechester , ME 64120"
840,REPORT840,STATUS3,ADDRTYPE1,"493 Kimberly Centers Apt. 583
South Alicechester, NY 73742",Sideswipe,1.0,1.0,1.0,3.0,1,0,0,2023-10-11,2023-07-21 03:25:08,Raining,Dry,Dawn,Y,Y,"493 Kimberly Centers Apt . 583 South Alicechester , NY 73742"
841,REPORT841,STATUS2,ADDRTYPE1,"424 Tina Alley Suite 116
East Matthewview, FM 50972",Parked Car,4.0,0.0,0.0,3.0,2,1,0,2023-07-08,2023-05-12 03:25:08,Clear,Oil,Dark - Street Lights On,N,Y,"424 Tina Alley Suite 116 East Matthewview , FM 50972"
842,REPORT842,STATUS1,ADDRTYPE3,"690 Brown Field
Janetside, AZ 25258",Other,2.0,1.0,0.0,1.0,2,1,0,2023-03-24,2023-11-09 03:25:08,Blowing Sand/Dirt,Ice,Dark - Street Lights On,Y,N,"690 Brown Field Janetside , AZ 25258"
843,REPORT843,STATUS2,ADDRTYPE1,"Unit 0534 Box 3552
DPO AP 56287",Pedestrian,5.0,0.0,0.0,3.0,0,1,0,2023-12-10,2023-09-18 03:25:08,Unknown,Ice,Dark - Street Lights Off,Y,N,Unit 0534 Box 3552 DPO AP 56287
844,REPORT844,STATUS2,ADDRTYPE3,"USCGC Rodriguez
FPO AA 97049",Left Turn,4.0,0.0,1.0,2.0,2,1,1,2023-12-18,2023-09-16 03:25:08,Other,Other,Dusk,Y,Y,USCGC Rodriguez FPO AA 97049
845,REPORT845,STATUS1,ADDRTYPE1,"6915 Rodriguez Ford Apt. 148
Hernandezshire, MS 89331",Pedestrian,2.0,2.0,1.0,2.0,3,0,1,2023-05-04,2024-01-07 03:25:08,Blowing Sand/Dirt,Dry,Dark - Street Lights On,N,N,"6915 Rodriguez Ford Apt . 148 Hernandezshire , MS 89331"
846,REPORT846,STATUS2,ADDRTYPE1,"3786 Troy Mill Apt. 664
New Douglasshire, GU 67984",Parked Car,1.0,1.0,0.0,1.0,1,1,0,2023-06-15,2023-09-20 03:25:08,Unknown,Standing Water,Other,Y,Y,"3786 Troy Mill Apt . 664 New Douglasshire , GU 67984"
847,REPORT847,STATUS2,ADDRTYPE3,"PSC 0617, Box 7308
APO AP 34989",Angles,1.0,1.0,0.0,2.0,0,0,0,2024-01-30,2023-05-05 03:25:08,Overcast,Wet,Dusk,N,N,"PSC 0617 , Box 7308 APO AP 34989"
848,REPORT848,STATUS3,ADDRTYPE2,"8528 Theodore Plains
Brownport, NJ 03276",Left Turn,3.0,1.0,1.0,3.0,0,1,0,2023-08-17,2023-04-04 03:25:08,Blowing Sand/Dirt,Other,Unknown,Y,Y,"8528 Theodore Plains Brownport , NJ 03276"
849,REPORT849,STATUS2,ADDRTYPE2,"PSC 2453, Box 5016
APO AP 84982",Rear Ended,2.0,1.0,1.0,1.0,2,0,0,2023-09-26,2023-06-28 03:25:08,,,,N,N,"PSC 2453 , Box 5016 APO AP 84982"
850,REPORT850,STATUS3,ADDRTYPE3,"PSC 6625, Box 3657
APO AP 08179",Angles,2.0,0.0,1.0,2.0,2,0,0,2023-07-29,2023-05-16 03:25:08,Unknown,Wet,Other,Y,N,"PSC 6625 , Box 3657 APO AP 08179"
851,REPORT851,STATUS1,ADDRTYPE3,"61273 Ricardo Parkways
Santiagomouth, CA 28833",Pedestrian,4.0,2.0,0.0,1.0,0,0,0,2023-07-25,2023-11-18 03:25:08,Snowing,Snow/Slush,Other,N,Y,"61273 Ricardo Parkways Santiagomouth , CA 28833"
852,REPORT852,STATUS2,ADDRTYPE2,"980 Tyler Camp Apt. 531
West Daltonbury, CA 50682",Other,5.0,2.0,0.0,3.0,3,1,1,2023-04-08,2023-08-11 03:25:08,Overcast,Oil,Dark - Street Lights On,Y,N,"980 Tyler Camp Apt . 531 West Daltonbury , CA 50682"
853,REPORT853,STATUS1,ADDRTYPE3,"5148 Heather Fall
Jameston, NJ 32655",Angles,5.0,1.0,1.0,1.0,3,0,0,2023-03-08,2023-07-11 03:25:08,Other,Oil,Dark - Street Lights On,Y,Y,"5148 Heather Fall Jameston , NJ 32655"
854,REPORT854,STATUS3,ADDRTYPE3,"50546 Jeanette Rue Apt. 463
Lake Theresaside, GA 71978",Left Turn,3.0,2.0,0.0,2.0,1,0,0,2023-12-15,2024-01-01 03:25:08,,,,N,N,"50546 Jeanette Rue Apt . 463 Lake Theresaside , GA 71978"
855,REPORT855,STATUS3,ADDRTYPE3,"1601 William Drive
Millermouth, SC 03679",Pedestrian,3.0,2.0,1.0,1.0,2,0,0,2023-07-09,2023-12-11 03:25:08,,,,N,Y,"1601 William Drive Millermouth , SC 03679"
856,REPORT856,STATUS3,ADDRTYPE3,"95460 Brandi Brooks
Grayville, MI 33798",Left Turn,3.0,0.0,0.0,1.0,0,0,1,2023-08-16,2023-05-26 03:25:08,,,,N,N,"95460 Brandi Brooks Grayville , MI 33798"
857,REPORT857,STATUS2,ADDRTYPE3,"5290 Evans Brook
Deannabury, OH 70065",Rear Ended,2.0,0.0,1.0,3.0,2,1,1,2023-06-02,2023-07-08 03:25:08,,,,Y,N,"5290 Evans Brook Deannabury , OH 70065"
858,REPORT858,STATUS3,ADDRTYPE2,"22460 Smith Burg Suite 717
East Edward, WA 33485",Sideswipe,1.0,2.0,1.0,1.0,2,1,0,2023-04-06,2023-03-01 03:25:08,Unknown,Oil,Dark - Street Lights On,Y,N,"22460 Smith Burg Suite 717 East Edward , WA 33485"
859,REPORT859,STATUS3,ADDRTYPE3,"697 Rebecca Drive
Marybury, CO 31416",Cycles,1.0,1.0,0.0,2.0,3,0,1,2023-09-12,2023-09-12 03:25:08,Clear,Ice,Dark - Street Lights On,Y,Y,"697 Rebecca Drive Marybury , CO 31416"
860,REPORT860,STATUS2,ADDRTYPE2,"78865 Parker Hill Apt. 943
North Eric, SD 24921",Cycles,4.0,1.0,1.0,2.0,2,0,0,2023-08-12,2023-06-07 03:25:08,Clear,Ice,Dusk,N,N,"78865 Parker Hill Apt . 943 North Eric , SD 24921"
861,REPORT861,STATUS2,ADDRTYPE1,"6236 Wilson Path Suite 876
North Greg, RI 38619",Other,5.0,0.0,1.0,2.0,1,0,0,2024-01-08,2023-03-06 03:25:08,Clear,Snow/Slush,Dark - Street Lights Off,Y,Y,"6236 Wilson Path Suite 876 North Greg , RI 38619"
862,REPORT862,STATUS2,ADDRTYPE2,"083 Ryan Throughway Suite 834
New Troy, PR 34372",Left Turn,5.0,2.0,0.0,1.0,3,1,1,2023-03-07,2023-02-20 03:25:08,Blowing Sand/Dirt,Unknown,Dark - No Street Lights,Y,N,"083 Ryan Throughway Suite 834 New Troy , PR 34372"
863,REPORT863,STATUS3,ADDRTYPE1,"0947 Adams Summit Suite 737
New Heather, NJ 84268",Pedestrian,4.0,2.0,0.0,3.0,3,1,0,2023-07-23,2023-08-20 03:25:08,Raining,Ice,Other,Y,N,"0947 Adams Summit Suite 737 New Heather , NJ 84268"
864,REPORT864,STATUS3,ADDRTYPE2,"8636 Lee Haven Suite 030
East Julia, AS 60932",Pedestrian,2.0,2.0,1.0,2.0,2,0,1,2023-06-05,2023-06-25 03:25:08,,,,Y,N,"8636 Lee Haven Suite 030 East Julia , AS 60932"
865,REPORT865,STATUS2,ADDRTYPE2,"16021 Christine Walks
Morrisberg, NE 54391",Parked Car,1.0,0.0,0.0,3.0,3,1,1,2023-07-04,2023-08-22 03:25:08,Fog/Smog/Smoke,Sand/Mud/Dirt,Other,Y,N,"16021 Christine Walks Morrisberg , NE 54391"
866,REPORT866,STATUS2,ADDRTYPE3,"469 Wagner Street Apt. 791
West Sherri, MA 86184",Pedestrian,3.0,0.0,1.0,3.0,1,1,0,2023-10-08,2023-07-16 03:25:08,Sleet/Hail/Freezing Rain,Unknown,Daylight,N,Y,"469 Wagner Street Apt . 791 West Sherri , MA 86184"
867,REPORT867,STATUS1,ADDRTYPE2,"Unit 9559 Box 8781
DPO AE 85582",Angles,1.0,2.0,1.0,1.0,0,0,1,2023-03-07,2023-06-26 03:25:08,Clear,Dry,Dusk,Y,N,Unit 9559 Box 8781 DPO AE 85582
868,REPORT868,STATUS1,ADDRTYPE2,"40823 Mary Walk Suite 919
North David, OR 89640",Sideswipe,4.0,1.0,0.0,1.0,1,0,1,2024-01-29,2023-07-19 03:25:08,Overcast,Snow/Slush,Dusk,Y,Y,"40823 Mary Walk Suite 919 North David , OR 89640"
869,REPORT869,STATUS2,ADDRTYPE3,"7600 Castro Hill Suite 708
Brownfurt, NM 64454",Other,1.0,1.0,0.0,3.0,3,1,1,2023-04-08,2023-07-24 03:25:08,Snowing,Oil,Dark - No Street Lights,Y,N,"7600 Castro Hill Suite 708 Brownfurt , NM 64454"
870,REPORT870,STATUS2,ADDRTYPE1,"430 Malik Crest
Lucasland, MS 19115",Angles,3.0,0.0,0.0,3.0,1,0,0,2023-03-27,2023-06-28 03:25:08,Snowing,Snow/Slush,Daylight,N,Y,"430 Malik Crest Lucasland , MS 19115"
871,REPORT871,STATUS1,ADDRTYPE2,"801 Bianca Path Apt. 184
East Christineberg, AZ 27858",Angles,5.0,1.0,0.0,2.0,3,1,0,2024-01-21,2024-02-05 03:25:08,Clear,Wet,Daylight,N,Y,"801 Bianca Path Apt . 184 East Christineberg , AZ 27858"
872,REPORT872,STATUS2,ADDRTYPE3,"897 Joshua Way Suite 148
Brandonmouth, NV 96295",Sideswipe,4.0,1.0,1.0,1.0,2,0,0,2023-10-17,2023-05-09 03:25:08,Unknown,Ice,Unknown,Y,Y,"897 Joshua Way Suite 148 Brandonmouth , NV 96295"
873,REPORT873,STATUS3,ADDRTYPE1,"783 Michelle Lock
East Kimberly, AZ 83165",Parked Car,2.0,2.0,1.0,3.0,3,1,0,2023-02-26,2024-02-06 03:25:08,Unknown,Wet,Dark - No Street Lights,N,N,"783 Michelle Lock East Kimberly , AZ 83165"
874,REPORT874,STATUS3,ADDRTYPE2,"502 Powers Court Apt. 707
Lisaberg, KS 88770",Pedestrian,1.0,2.0,1.0,2.0,0,0,0,2023-05-08,2023-07-19 03:25:08,Clear,Unknown,Dawn,N,N,"502 Powers Court Apt . 707 Lisaberg , KS 88770"
875,REPORT875,STATUS3,ADDRTYPE2,"4632 Chase Run
Moorechester, IL 17066",Parked Car,1.0,1.0,0.0,1.0,1,0,0,2024-02-15,2024-01-05 03:25:08,Snowing,Oil,Unknown,Y,Y,"4632 Chase Run Moorechester , IL 17066"
876,REPORT876,STATUS2,ADDRTYPE2,"3188 Jason Shoals Suite 724
West Jasonfurt, CA 31905",Pedestrian,2.0,0.0,0.0,1.0,2,1,0,2023-12-02,2023-12-10 03:25:08,Raining,Snow/Slush,Dark - No Street Lights,N,Y,"3188 Jason Shoals Suite 724 West Jasonfurt , CA 31905"
877,REPORT877,STATUS2,ADDRTYPE1,"8688 Mccann Rapids
Katiefort, IA 44840",Left Turn,2.0,2.0,1.0,1.0,3,0,1,2023-12-28,2023-04-11 03:25:08,Fog/Smog/Smoke,Dry,Other,Y,Y,"8688 Mccann Rapids Katiefort , IA 44840"
878,REPORT878,STATUS1,ADDRTYPE1,"958 Chad Villages Apt. 262
Lake Jaredbury, MT 75414",Left Turn,3.0,1.0,1.0,2.0,1,1,0,2023-09-24,2023-09-18 03:25:08,Fog/Smog/Smoke,Ice,Dusk,N,N,"958 Chad Villages Apt . 262 Lake Jaredbury , MT 75414"
879,REPORT879,STATUS2,ADDRTYPE2,"990 Mary Route
Rogerburgh, RI 04286",Angles,1.0,2.0,1.0,2.0,1,0,0,2023-08-11,2023-10-18 03:25:08,Overcast,Ice,Daylight,N,N,"990 Mary Route Rogerburgh , RI 04286"
880,REPORT880,STATUS2,ADDRTYPE2,"51863 James Ridges
West Julie, MT 68710",Angles,4.0,2.0,1.0,2.0,1,0,0,2023-11-30,2023-04-28 03:25:08,Snowing,Ice,Dark - Street Lights Off,Y,N,"51863 James Ridges West Julie , MT 68710"
881,REPORT881,STATUS1,ADDRTYPE1,"PSC 6250, Box 0443
APO AA 75242",Rear Ended,1.0,1.0,0.0,2.0,2,0,1,2023-05-04,2023-06-02 03:25:08,Raining,Sand/Mud/Dirt,Dark - Street Lights Off,Y,Y,"PSC 6250 , Box 0443 APO AA 75242"
882,REPORT882,STATUS2,ADDRTYPE3,"62469 Stephanie Motorway Suite 129
Dannytown, MS 20169",Sideswipe,3.0,1.0,1.0,2.0,3,0,1,2023-07-30,2023-08-12 03:25:08,Raining,Sand/Mud/Dirt,Unknown,N,N,"62469 Stephanie Motorway Suite 129 Dannytown , MS 20169"
883,REPORT883,STATUS1,ADDRTYPE1,"840 Perez Keys
Juanmouth, OR 89895",Cycles,4.0,0.0,1.0,3.0,3,1,0,2024-01-13,2023-12-16 03:25:08,Raining,Wet,Dawn,N,N,"840 Perez Keys Juanmouth , OR 89895"
884,REPORT884,STATUS2,ADDRTYPE3,"2394 Aaron Spring Suite 528
Susanstad, TX 68512",Left Turn,4.0,1.0,0.0,3.0,2,1,1,2023-10-28,2023-04-08 03:25:08,Blowing Sand/Dirt,Oil,Dark - Street Lights On,N,N,"2394 Aaron Spring Suite 528 Susanstad , TX 68512"
885,REPORT885,STATUS2,ADDRTYPE3,"70476 Lee Mews
North Chloefurt, VA 52888",Sideswipe,4.0,2.0,1.0,1.0,0,0,0,2023-08-05,2023-05-17 03:25:08,Fog/Smog/Smoke,Dry,Dusk,Y,Y,"70476 Lee Mews North Chloefurt , VA 52888"
886,REPORT886,STATUS2,ADDRTYPE3,"61507 Lee Skyway
Davidborough, NC 16407",Angles,3.0,0.0,0.0,2.0,1,0,1,2023-06-28,2023-05-06 03:25:08,Clear,Other,Unknown,Y,Y,"61507 Lee Skyway Davidborough , NC 16407"
887,REPORT887,STATUS2,ADDRTYPE2,"Unit 2879 Box 0846
DPO AE 87438",Parked Car,1.0,1.0,1.0,3.0,3,0,1,2023-03-14,2023-09-22 03:25:08,Clear,Wet,Dusk,N,Y,Unit 2879 Box 0846 DPO AE 87438
888,REPORT888,STATUS3,ADDRTYPE2,"06247 Kelley Rue
Parkerstad, OH 35779",Angles,5.0,2.0,1.0,3.0,2,1,1,2024-01-03,2024-01-23 03:25:08,Blowing Sand/Dirt,Ice,Dark - No Street Lights,N,Y,"06247 Kelley Rue Parkerstad , OH 35779"
889,REPORT889,STATUS3,ADDRTYPE3,"00322 Gordon Stravenue
West Jessicatown, AZ 53349",Parked Car,4.0,0.0,0.0,2.0,2,0,0,2023-08-25,2023-08-02 03:25:08,Severe Crosswind,Sand/Mud/Dirt,Other,Y,N,"00322 Gordon Stravenue West Jessicatown , AZ 53349"
890,REPORT890,STATUS2,ADDRTYPE3,"9414 John Harbors
Chadview, KS 20356",Pedestrian,2.0,0.0,1.0,2.0,1,1,1,2023-06-26,2023-12-17 03:25:08,Overcast,Wet,Daylight,Y,N,"9414 John Harbors Chadview , KS 20356"
891,REPORT891,STATUS3,ADDRTYPE3,"98673 Willis Mall Apt. 596
East Meganview, NV 88456",Cycles,3.0,0.0,0.0,2.0,2,1,1,2023-06-25,2023-07-28 03:25:08,Raining,Sand/Mud/Dirt,Other,N,Y,"98673 Willis Mall Apt . 596 East Meganview , NV 88456"
892,REPORT892,STATUS1,ADDRTYPE1,"PSC 4328, Box 8502
APO AE 65775",Pedestrian,4.0,2.0,0.0,1.0,1,0,0,2023-03-28,2023-03-13 03:25:08,Severe Crosswind,Wet,Dark - Street Lights On,N,Y,"PSC 4328 , Box 8502 APO AE 65775"
893,REPORT893,STATUS3,ADDRTYPE2,"5963 Kathy Lodge Apt. 554
Cherylshire, ND 76394",Angles,3.0,2.0,0.0,3.0,3,0,1,2023-05-22,2024-02-16 03:25:08,Fog/Smog/Smoke,Sand/Mud/Dirt,Dusk,Y,N,"5963 Kathy Lodge Apt . 554 Cherylshire , ND 76394"
894,REPORT894,STATUS1,ADDRTYPE3,"050 Bailey Crossroad Suite 395
South Patrickhaven, AZ 45332",Rear Ended,2.0,0.0,1.0,2.0,1,0,1,2023-06-26,2023-06-28 03:25:08,Unknown,Ice,Dawn,N,Y,"050 Bailey Crossroad Suite 395 South Patrickhaven , AZ 45332"
895,REPORT895,STATUS1,ADDRTYPE3,"033 Howell Expressway Suite 545
West Garymouth, OK 42478",Angles,4.0,2.0,0.0,1.0,0,0,0,2023-12-26,2023-05-30 03:25:08,Severe Crosswind,Wet,Unknown,Y,Y,"033 Howell Expressway Suite 545 West Garymouth , OK 42478"
896,REPORT896,STATUS1,ADDRTYPE1,"825 Robert Plaza Suite 284
Lake Terri, OK 10655",Left Turn,1.0,0.0,0.0,2.0,1,1,0,2024-01-07,2023-06-29 03:25:08,Snowing,Oil,Unknown,N,Y,"825 Robert Plaza Suite 284 Lake Terri , OK 10655"
897,REPORT897,STATUS3,ADDRTYPE2,"22918 Cook Streets Suite 092
Lake Phyllis, WY 32129",Angles,3.0,0.0,0.0,2.0,1,1,0,2023-11-19,2024-01-23 03:25:08,Other,Ice,Dark - No Street Lights,Y,N,"22918 Cook Streets Suite 092 Lake Phyllis , WY 32129"
898,REPORT898,STATUS2,ADDRTYPE3,"0800 Brian Trafficway
New Jessicaside, SD 63298",Left Turn,4.0,2.0,0.0,2.0,0,1,1,2023-12-26,2024-01-07 03:25:08,Fog/Smog/Smoke,Sand/Mud/Dirt,Daylight,Y,N,"0800 Brian Trafficway New Jessicaside , SD 63298"
899,REPORT899,STATUS2,ADDRTYPE2,"79541 Burke Wall Suite 746
Markborough, WY 59614",Pedestrian,4.0,2.0,0.0,3.0,1,0,0,2023-07-31,2024-01-22 03:25:08,Blowing Sand/Dirt,Snow/Slush,Dark - Street Lights On,Y,N,"79541 Burke Wall Suite 746 Markborough , WY 59614"
900,REPORT900,STATUS3,ADDRTYPE3,"691 Smith Centers Apt. 513
South Robert, NM 63320",Rear Ended,3.0,0.0,0.0,2.0,2,1,1,2023-07-13,2023-10-04 03:25:08,Clear,Dry,Dark - Street Lights On,Y,Y,"691 Smith Centers Apt . 513 South Robert , NM 63320"
901,REPORT901,STATUS1,ADDRTYPE1,"0734 Johnson Roads Apt. 377
North Kathyberg, ND 92358",Sideswipe,2.0,2.0,1.0,3.0,3,0,0,2023-11-09,2023-03-24 03:25:08,Snowing,Standing Water,Dark - Street Lights Off,N,N,"0734 Johnson Roads Apt . 377 North Kathyberg , ND 92358"
902,REPORT902,STATUS3,ADDRTYPE1,"7317 Ethan Meadow
Lake Timothyhaven, SC 43470",Pedestrian,3.0,1.0,0.0,3.0,3,0,1,2023-07-29,2023-12-27 03:25:08,,,,N,Y,"7317 Ethan Meadow Lake Timothyhaven , SC 43470"
903,REPORT903,STATUS2,ADDRTYPE2,"9400 Roberts Plaza Suite 068
Caseyberg, IA 16673",Pedestrian,5.0,0.0,1.0,1.0,3,1,0,2023-09-04,2023-09-02 03:25:08,Sleet/Hail/Freezing Rain,Sand/Mud/Dirt,Unknown,N,Y,"9400 Roberts Plaza Suite 068 Caseyberg , IA 16673"
904,REPORT904,STATUS3,ADDRTYPE1,"99850 Mullins Park Suite 259
East Chrisport, ME 56260",Angles,1.0,0.0,0.0,1.0,3,1,1,2024-01-17,2023-04-21 03:25:08,Unknown,Ice,Dark - No Street Lights,N,Y,"99850 Mullins Park Suite 259 East Chrisport , ME 56260"
905,REPORT905,STATUS3,ADDRTYPE2,"43759 Ortiz Mews
Port Ashley, AR 51730",Other,2.0,2.0,1.0,3.0,0,1,1,2023-09-10,2024-01-01 03:25:08,Raining,Sand/Mud/Dirt,Dark - No Street Lights,N,N,"43759 Ortiz Mews Port Ashley , AR 51730"
906,REPORT906,STATUS2,ADDRTYPE3,"27295 Flowers Locks
Lake Dakotaburgh, ND 01778",Parked Car,1.0,2.0,1.0,3.0,1,1,1,2023-08-28,2023-09-24 03:25:08,,,,N,N,"27295 Flowers Locks Lake Dakotaburgh , ND 01778"
907,REPORT907,STATUS2,ADDRTYPE1,"1349 Katherine Falls Suite 986
Justinside, MS 24863",Pedestrian,1.0,2.0,1.0,2.0,1,0,0,2023-04-16,2023-05-06 03:25:08,Severe Crosswind,Snow/Slush,Unknown,N,N,"1349 Katherine Falls Suite 986 Justinside , MS 24863"
908,REPORT908,STATUS1,ADDRTYPE3,"00971 Johnson Club Suite 576
South Davidmouth, VA 47816",Parked Car,3.0,1.0,0.0,2.0,2,1,0,2023-06-16,2023-06-18 03:25:08,,,,N,N,"00971 Johnson Club Suite 576 South Davidmouth , VA 47816"
909,REPORT909,STATUS1,ADDRTYPE3,"1839 Alexander Oval
East Stephanie, MO 50943",Parked Car,5.0,2.0,1.0,3.0,1,0,0,2023-11-03,2023-03-03 03:25:08,Fog/Smog/Smoke,Snow/Slush,Dusk,N,Y,"1839 Alexander Oval East Stephanie , MO 50943"