OBJECTID,REPORTNO,STATUS,ADDRTYPE,LOCATION,COLLISIONTYPE,PERSONCOUNT,PEDCOUNT,PEDCYLCOUNT,VEHCOUNT,INJURIES,SERIOUSINJURIES,FATALITIES,INCDATE,INCDTTM,WEATHER,ROADCOND,LIGHTCOND,SPEEDING,HITPARKEDCAR,LOCATION_PROCESSED
910,REPORT910,STATUS2,ADDRTYPE1,"44890 Smith Ridges Apt. 223
West Michaelview, KS 76759",Sideswipe,4.0,0.0,0.0,3.0,0,1,1,2023-02-25,2023-09-03 03:25:08,Snowing,Sand/Mud/Dirt,Daylight,N,N,"44890 Smith Ridges Apt . 223 West Michaelview , KS 76759"
911,REPORT911,STATUS1,ADDRTYPE1,"900 Kathleen Radial
West Johnfurt, MP 81628",Sideswipe,5.0,2.0,0.0,2.0,2,1,0,2023-06-21,2024-01-19 03:25:08,Fog/Smog/Smoke,Unknown,Dark - Street Lights Off,N,N,"900 Kathleen Radial West Johnfurt , MP 81628"
912,REPORT912,STATUS2,ADDRTYPE1,"00130 Debra Mount Suite 390
Murraybury, CA 78021",Sideswipe,2.0,2.0,0.0,2.0,2,0,0,2023-12-23,2023-12-19 03:25:08,Raining,Other,Daylight,N,Y,"00130 Debra Mount Suite 390 Murraybury , CA 78021"
913,REPORT913,STATUS3,ADDRTYPE3,"000 Boyd Prairie Apt. 978
Stephanieberg, LA 37717",Cycles,5.0,0.0,1.0,2.0,1,0,1,2023-09-30,2023-04-26 03:25:08,Unknown,Oil,Daylight,Y,N,"000 Boyd Prairie Apt . 978 Stephanieberg , LA 37717"
914,REPORT914,STATUS1,ADDRTYPE2,"80852 Elizabeth Center Suite 152
South Rebeccashire, LA 31282",Parked Car,1.0,0.0,1.0,2.0,0,0,0,2023-07-02,2023-03-11 03:25:08,Fog/Smog/Smoke,Sand/Mud/Dirt,Dark - Street Lights Off,N,N,"80852 Elizabeth Center Suite 152 South Rebeccashire , LA 31282"
915,REPORT915,STATUS2,ADDRTYPE2,"5262 Peterson Springs
West Alex, AL 73711",Angles,4.0,1.0,0.0,1.0,3,0,1,2024-01-31,2023-06-03 03:25:08,,,,N,Y,"5262 Peterson Springs West Alex , AL 73711"
916,REPORT916,STATUS3,ADDRTYPE3,"USNV Chavez
FPO AE 30940",Parked Car,5.0,2.0,0.0,2.0,0,0,0,2023-05-16,2024-01-23 03:25:08,Snowing,Snow/Slush,Dusk,Y,Y,USNV Chavez FPO AE 30940
917,REPORT917,STATUS3,ADDRTYPE3,"85616 Weaver Manor Apt. 709
Justinstad, AK 90606",Pedestrian,4.0,1.0,1.0,3.0,0,0,1,2023-12-02,2023-02-25 03:25:08,Sleet/Hail/Freezing Rain,Snow/Slush,Daylight,N,N,"85616 Weaver Manor Apt . 709 Justinstad , AK 90606"
918,REPORT918,STATUS2,ADDRTYPE3,"19371 Duran Meadows
West Deborah, MT 27036",Sideswipe,5.0,0.0,0.0,3.0,0,0,1,2023-06-24,2023-11-07 03:25:08,Snowing,Snow/Slush,Dark - Street Lights On,N,Y,"19371 Duran Meadows West Deborah , MT 27036"
919,REPORT919,STATUS2,ADDRTYPE1,"76165 Paul Throughway Suite 149
Coltonfort, PR 97119",Pedestrian,4.0,0.0,1.0,2.0,2,1,1,2023-12-07,2023-05-31 03:25:08,Blowing Sand/Dirt,Oil,Daylight,Y,N,"76165 Paul Throughway Suite 149 Coltonfort , PR 97119"
920,REPORT920,STATUS3,ADDRTYPE2,"USS Carter
FPO AE 62942",Sideswipe,5.0,0.0,0.0,2.0,2,1,0,2023-03-29,2023-12-08 03:25:08,Blowing Sand/Dirt,Ice,Other,N,N,USS Carter FPO AE 62942
921,REPORT921,STATUS3,ADDRTYPE2,"12516 Page Crest
West Monique, MP 02301",Cycles,2.0,0.0,0.0,3.0,0,1,0,2023-11-02,2023-05-08 03:25:08,,,,N,N,"12516 Page Crest West Monique , MP 02301"
922,REPORT922,STATUS2,ADDRTYPE2,"53191 Julia Knoll
New Tina, FL 68029",Angles,4.0,0.0,1.0,3.0,3,1,1,2023-09-09,2023-06-11 03:25:08,Fog/Smog/Smoke,Snow/Slush,Dawn,N,Y,"53191 Julia Knoll New Tina , FL 68029"
923,REPORT923,STATUS2,ADDRTYPE2,"14733 Neal Roads Suite 661
West Erinview, DE 52896",Left Turn,3.0,1.0,0.0,1.0,2,1,0,2023-05-05,2023-12-12 03:25:08,,,,N,N,"14733 Neal Roads Suite 661 West Erinview , DE 52896"
924,REPORT924,STATUS3,ADDRTYPE2,"3743 Gina Landing
East Shawn, OH 12578",Sideswipe,1.0,2.0,1.0,3.0,0,0,0,2024-02-03,2023-10-28 03:25:08,Sleet/Hail/Freezing Rain,Oil,Other,Y,N,"3743 Gina Landing East Shawn , OH 12578"
925,REPORT925,STATUS3,ADDRTYPE2,"Unit 2166 Box 0124
DPO AP 09583",Other,4.0,0.0,0.0,3.0,3,0,1,2023-04-18,2023-03-11 03:25:08,Fog/Smog/Smoke,Snow/Slush,Dusk,N,Y,Unit 2166 Box 0124 DPO AP 09583
926,REPORT926,STATUS2,ADDRTYPE3,"48699 Bright Rapid Suite 941
Lake Kenneth, SC 01857",Cycles,1.0,2.0,1.0,3.0,1,0,0,2023-08-09,2023-03-29 03:25:08,Other,Sand/Mud/Dirt,Other,N,N,"48699 Bright Rapid Suite 941 Lake Kenneth , SC 01857"
927,REPORT927,STATUS2,ADDRTYPE3,"9765 Hernandez Manor Suite 728
Natalieland, VT 56202",Other,5.0,0.0,0.0,1.0,1,0,1,2024-01-19,2023-12-02 03:25:08,Blowing Sand/Dirt,Wet,Dawn,Y,Y,"9765 Hernandez Manor Suite 728 Natalieland , VT 56202"
928,REPORT928,STATUS3,ADDRTYPE1,"980 Nicole Court
Harrisberg, WV 07822",Cycles,5.0,1.0,0.0,3.0,0,0,0,2023-08-18,2023-09-18 03:25:08,Raining,Unknown,Dark - No Street Lights,Y,Y,"980 Nicole Court Harrisberg , WV 07822"
929,REPORT929,STATUS2,ADDRTYPE3,"23735 Jacob Port Apt. 042
West Kevinfort, AR 21039",Angles,5.0,1.0,1.0,2.0,0,0,0,2023-07-14,2023-04-04 03:25:08,Sleet/Hail/Freezing Rain,Sand/Mud/Dirt,Other,N,Y,"23735 Jacob Port Apt . 042 West Kevinfort , AR 21039"
930,REPORT930,STATUS2,ADDRTYPE3,"2069 Blake Lane
Port Joseph, MT 05140",Parked Car,5.0,1.0,1.0,3.0,2,1,0,2023-06-22,2023-09-13 03:25:08,Unknown,Dry,Other,N,Y,"2069 Blake Lane Port Joseph , MT 05140"
931,REPORT931,STATUS2,ADDRTYPE2,"2711 Orr Underpass Suite 114
Kaylafurt, MP 58570",Sideswipe,5.0,1.0,1.0,3.0,3,1,1,2023-11-02,2024-02-16 03:25:08,Severe Crosswind,Other,Unknown,Y,Y,"2711 Orr Underpass Suite 114 Kaylafurt , MP 58570"
932,REPORT932,STATUS2,ADDRTYPE1,"70876 Daniel Dam
Port Daniel, NJ 23320",Rear Ended,2.0,2.0,0.0,1.0,0,1,1,2024-01-23,2023-06-16 03:25:08,Clear,Oil,Other,N,N,"70876 Daniel Dam Port Daniel , NJ 23320"
933,REPORT933,STATUS1,ADDRTYPE2,"07910 Allen Plains Apt. 056
Lake Jeffreyborough, MI 79360",Pedestrian,1.0,1.0,0.0,2.0,1,1,0,2023-11-03,2023-04-06 03:25:08,Fog/Smog/Smoke,Sand/Mud/Dirt,Dark - No Street Lights,N,Y,"07910 Allen Plains Apt . 056 Lake Jeffreyborough , MI 79360"
934,REPORT934,STATUS1,ADDRTYPE1,"PSC 7527, Box 1969
APO AA 85675",Left Turn,4.0,1.0,1.0,3.0,0,0,1,2024-02-08,2023-03-04 03:25:08,Unknown,Sand/Mud/Dirt,Dusk,N,Y,"PSC 7527 , Box 1969 APO AA 85675"
935,REPORT935,STATUS3,ADDRTYPE3,"325 Bailey Stream
New Yolandaville, FM 38748",Pedestrian,2.0,1.0,1.0,1.0,2,0,1,2023-03-06,2023-11-09 03:25:08,,,,N,N,"325 Bailey Stream New Yolandaville , FM 38748"
936,REPORT936,STATUS1,ADDRTYPE3,"6794 Haley Spring Suite 845
Brianfurt, WY 29930",Left Turn,2.0,0.0,0.0,3.0,2,1,1,2023-07-18,2023-12-23 03:25:08,Other,Unknown,Dawn,N,N,"6794 Haley Spring Suite 845 Brianfurt , WY 29930"
937,REPORT937,STATUS2,ADDRTYPE2,"7432 Daniel Streets Apt. 790
Lake Andrew, OR 96908",Cycles,2.0,1.0,1.0,1.0,3,1,0,2023-10-04,2024-01-16 03:25:08,Sleet/Hail/Freezing Rain,Wet,Unknown,Y,Y,"7432 Daniel Streets Apt . 790 Lake Andrew , OR 96908"
938,REPORT938,STATUS1,ADDRTYPE2,"92800 Terrell Forks Apt. 810
Lake Sarahberg, MH 52065",Left Turn,2.0,2.0,0.0,1.0,1,1,0,2023-10-13,2024-02-19 03:25:08,Severe Crosswind,Standing Water,Dark - Street Lights Off,Y,Y,"92800 Terrell Forks Apt . 810 Lake Sarahberg , MH 52065"
939,REPORT939,STATUS3,ADDRTYPE2,"3089 Johnson Hill Apt. 731
Roseborough, KS 76967",Pedestrian,2.0,0.0,1.0,1.0,3,1,0,2023-03-31,2023-12-03 03:25:08,Raining,Snow/Slush,Dawn,N,N,"3089 Johnson Hill Apt . 731 Roseborough , KS 76967"
940,REPORT940,STATUS3,ADDRTYPE3,"94717 Jeremy Wall
Jamesberg, UT 07785",Parked Car,1.0,2.0,1.0,2.0,1,1,1,2023-11-21,2023-04-16 03:25:08,,,,Y,Y,"94717 Jeremy Wall Jamesberg , UT 07785"
941,REPORT941,STATUS3,ADDRTYPE3,"84902 Hinton Mountain
Kyleview, FM 34134",Sideswipe,4.0,0.0,0.0,1.0,1,0,1,2024-01-08,2023-12-20 03:25:08,Other,Sand/Mud/Dirt,Dark - No Street Lights,N,Y,"84902 Hinton Mountain Kyleview , FM 34134"
942,REPORT942,STATUS1,ADDRTYPE3,"USS Franklin
FPO AP 08792",Left Turn,1.0,2.0,0.0,3.0,0,0,0,2023-12-09,2023-05-29 03:25:08,Overcast,Other,Daylight,N,Y,USS Franklin FPO AP 08792
943,REPORT943,STATUS1,ADDRTYPE1,"594 Benjamin Union
Jasonport, NM 84671",Other,4.0,2.0,0.0,1.0,1,0,1,2024-01-15,2024-01-01 03:25:08,Raining,Oil,Dark - Street Lights Off,Y,Y,"594 Benjamin Union Jasonport , NM 84671"
944,REPORT944,STATUS1,ADDRTYPE2,"PSC 5676, Box 0738
APO AE 10836",Cycles,2.0,2.0,1.0,3.0,1,0,1,2023-10-02,2023-10-16 03:25:08,Raining,Unknown,Dawn,N,N,"PSC 5676 , Box 0738 APO AE 10836"
945,REPORT945,STATUS3,ADDRTYPE1,"900 Cynthia Wall Suite 751
Matamouth, UT 52810",Left Turn,2.0,0.0,0.0,2.0,2,0,1,2023-07-27,2023-11-07 03:25:08,Blowing Sand/Dirt,Ice,Unknown,Y,Y,"900 Cynthia Wall Suite 751 Matamouth , UT 52810"
946,REPORT946,STATUS2,ADDRTYPE3,"482 Sheri Fall
Port Alexandramouth, TN 41701",Parked Car,5.0,2.0,0.0,2.0,3,1,0,2024-01-09,2023-12-28 03:25:08,Overcast,Wet,Daylight,Y,Y,"482 Sheri Fall Port Alexandramouth , TN 41701"
947,REPORT947,STATUS2,ADDRTYPE3,"5193 Hernandez Station
Lisafurt, NY 32428",Pedestrian,3.0,2.0,0.0,1.0,3,1,1,2023-09-20,2023-06-22 03:25:08,Unknown,Ice,Other,N,N,"5193 Hernandez Station Lisafurt , NY 32428"
948,REPORT948,STATUS3,ADDRTYPE1,"82345 Ryan Way
Johnmouth, DC 52557",Left Turn,3.0,0.0,1.0,3.0,2,0,0,2023-02-20,2024-02-07 03:25:08,Sleet/Hail/Freezing Rain,Ice,Dark - Street Lights Off,Y,Y,"82345 Ryan Way Johnmouth , DC 52557"
949,REPORT949,STATUS3,ADDRTYPE2,"508 Desiree Isle
Shepherdbury, PA 31566",Sideswipe,1.0,2.0,1.0,2.0,0,0,0,2023-07-03,2023-06-06 03:25:08,,,,Y,N,"508 Desiree Isle Shepherdbury , PA 31566"
950,REPORT950,STATUS3,ADDRTYPE2,"6172 Elizabeth Villages Apt. 039
Seanhaven, KY 12096",Cycles,1.0,0.0,1.0,2.0,3,0,0,2023-07-20,2023-07-07 03:25:08,,,,N,Y,"6172 Elizabeth Villages Apt . 039 Seanhaven , KY 12096"
951,REPORT951,STATUS3,ADDRTYPE3,"PSC 2352, Box 4580
APO AE 73301",Other,4.0,1.0,1.0,1.0,2,0,0,2023-05-27,2023-08-03 03:25:08,Raining,Snow/Slush,Unknown,Y,N,"PSC 2352 , Box 4580 APO AE 73301"
952,REPORT952,STATUS2,ADDRTYPE3,"398 Holland Points
East Melanie, KS 48646",Left Turn,5.0,2.0,0.0,1.0,0,1,1,2023-11-02,2024-01-22 03:25:08,Overcast,Other,Dark - No Street Lights,N,N,"398 Holland Points East Melanie , KS 48646"
953,REPORT953,STATUS1,ADDRTYPE3,"40653 James Village
South Jason, MH 84505",Pedestrian,4.0,0.0,0.0,1.0,2,0,1,2023-03-14,2023-12-19 03:25:08,Fog/Smog/Smoke,Oil,Dusk,N,Y,"40653 James Village South Jason , MH 84505"
954,REPORT954,STATUS1,ADDRTYPE2,"24843 Dominguez Crescent Apt. 750
West Susanfurt, AZ 34783",Sideswipe,5.0,1.0,1.0,3.0,3,1,0,2023-10-10,2023-09-19 03:25:08,Severe Crosswind,Sand/Mud/Dirt,Dark - Street Lights Off,Y,Y,"24843 Dominguez Crescent Apt . 750 West Susanfurt , AZ 34783"
955,REPORT955,STATUS2,ADDRTYPE1,"25212 Mcgee Freeway Suite 594
South Johnmouth, ND 60136",Pedestrian,3.0,2.0,1.0,1.0,3,1,1,2023-11-17,2023-07-27 03:25:08,,,,N,N,"25212 Mcgee Freeway Suite 594 South Johnmouth , ND 60136"
956,REPORT956,STATUS1,ADDRTYPE3,"244 Zimmerman Hollow Suite 352
North Natalietown, MA 55029",Left Turn,3.0,1.0,1.0,1.0,1,1,0,2024-01-23,2023-06-17 03:25:08,Blowing Sand/Dirt,Snow/Slush,Dark - Street Lights Off,N,Y,"244 Zimmerman Hollow Suite 352 North Natalietown , MA 55029"
957,REPORT957,STATUS2,ADDRTYPE3,"0875 Le Plain Suite 475
Davisview, TN 47230",Angles,5.0,2.0,1.0,3.0,2,1,1,2024-01-03,2023-11-17 03:25:08,Severe Crosswind,Ice,Other,N,Y,"0875 Le Plain Suite 475 Davisview , TN 47230"
958,REPORT958,STATUS1,ADDRTYPE1,"7985 Wells Crossing Apt. 970
Alvarezburgh, PW 94075",Other,4.0,0.0,0.0,3.0,1,1,1,2023-07-15,2023-10-22 03:25:08,Unknown,Unknown,Other,N,Y,"7985 Wells Crossing Apt . 970 Alvarezburgh , PW 94075"
959,REPORT959,STATUS2,ADDRTYPE2,"1178 Deborah Spurs
Elizabethland, VT 51207",Parked Car,1.0,1.0,1.0,1.0,2,1,0,2023-08-28,2023-05-16 03:25:08,Clear,Other,Other,N,N,"1178 Deborah Spurs Elizabethland , VT 51207"
960,REPORT960,STATUS1,ADDRTYPE3,"28563 Morgan Shores Apt. 122
North Tiffanyport, MD 46453",Rear Ended,5.0,1.0,0.0,3.0,3,1,1,2023-09-20,2023-10-09 03:25:08,Sleet/Hail/Freezing Rain,Unknown,Dark - Street Lights Off,Y,Y,"28563 Morgan Shores Apt . 122 North Tiffanyport , MD 46453"
961,REPORT961,STATUS3,ADDRTYPE2,"Unit 4938 Box 6517
DPO AP 54859",Cycles,5.0,1.0,1.0,3.0,2,0,1,2023-11-27,2023-04-12 03:25:08,Snowing,Ice,Other,N,Y,Unit 4938 Box 6517 DPO AP 54859
962,REPORT962,STATUS3,ADDRTYPE3,"5823 Jones Mount
Floreschester, IA 66711",Other,5.0,1.0,1.0,1.0,2,0,1,2023-11-10,2023-03-08 03:25:08,Fog/Smog/Smoke,Standing Water,Dark - No Street Lights,Y,N,"5823 Jones Mount Floreschester , IA 66711"
963,REPORT963,STATUS1,ADDRTYPE2,"90356 Joshua Union
Lake Frederickbury, VA 39440",Cycles,4.0,2.0,0.0,3.0,0,1,1,2023-08-25,2023-07-10 03:25:08,Snowing,Unknown,Dark - No Street Lights,N,N,"90356 Joshua Union Lake Frederickbury , VA 39440"
964,REPORT964,STATUS2,ADDRTYPE1,"72267 Porter Junction Suite 317
Port Paulborough, VI 73763",Sideswipe,1.0,0.0,1.0,1.0,0,0,1,2023-07-20,2023-03-20 03:25:08,Other,Unknown,Dark - No Street Lights,Y,Y,"72267 Porter Junction Suite 317 Port Paulborough , VI 73763"
965,REPORT965,STATUS1,ADDRTYPE3,"8511 Mary Ranch Apt. 894
Lake Jasonfurt, OR 36517",Angles,4.0,1.0,0.0,1.0,0,1,1,2023-06-18,2023-04-10 03:25:08,Overcast,Unknown,Dark - Street Lights Off,N,Y,"8511 Mary Ranch Apt . 894 Lake Jasonfurt , OR 36517"
966,REPORT966,STATUS1,ADDRTYPE3,"Unit 4063 Box 3574
DPO AE 92564",Pedestrian,2.0,0.0,0.0,3.0,1,0,0,2023-06-21,2023-12-18 03:25:08,Clear,Other,Unknown,N,N,Unit 4063 Box 3574 DPO AE 92564
967,REPORT967,STATUS3,ADDRTYPE3,"879 Maria Station Apt. 287
Jonestown, MO 37029",Cycles,2.0,2.0,1.0,1.0,2,0,1,2023-05-21,2023-07-13 03:25:08,Other,Oil,Dusk,Y,Y,"879 Maria Station Apt . 287 Jonestown , MO 37029"
968,REPORT968,STATUS2,ADDRTYPE3,"2593 Carmen River
Ethanfurt, CA 09809",Parked Car,5.0,0.0,1.0,2.0,3,0,0,2023-03-04,2023-12-07 03:25:08,Severe Crosswind,Sand/Mud/Dirt,Dusk,Y,N,"2593 Carmen River Ethanfurt , CA 09809"
969,REPORT969,STATUS3,ADDRTYPE3,"224 Renee Inlet
Shepherdstad, FM 12551",Sideswipe,5.0,0.0,0.0,3.0,2,0,1,2023-11-29,2023-03-31 03:25:08,Severe Crosswind,Standing Water,Dusk,Y,N,"224 Renee Inlet Shepherdstad , FM 12551"
970,REPORT970,STATUS1,ADDRTYPE1,"548 Burnett Estate
New Stephanie, DE 52920",Other,5.0,2.0,0.0,3.0,2,1,1,2023-02-28,2024-02-08 03:25:08,Fog/Smog/Smoke,Snow/Slush,Dusk,N,Y,"548 Burnett Estate New Stephanie , DE 52920"
971,REPORT971,STATUS3,ADDRTYPE3,"157 Tamara Gateway
East Travisland, MT 83973",Sideswipe,1.0,1.0,1.0,3.0,0,0,1,2023-07-11,2023-11-17 03:25:08,Clear,Ice,Dusk,N,Y,"157 Tamara Gateway East Travisland , MT 83973"
972,REPORT972,STATUS2,ADDRTYPE3,"7944 Thomas Corner Suite 437
Colleenberg, WV 96325",Parked Car,1.0,2.0,0.0,1.0,1,0,0,2023-08-22,2023-12-09 03:25:08,Snowing,Snow/Slush,Dark - No Street Lights,N,Y,"7944 Thomas Corner Suite 437 Colleenberg , WV 96325"
973,REPORT973,STATUS1,ADDRTYPE2,"548 Martinez Inlet Apt. 481
Delacruzmouth, AL 09464",Pedestrian,5.0,1.0,1.0,1.0,3,1,0,2023-03-02,2023-03-20 03:25:08,,,,N,N,"548 Martinez Inlet Apt . 481 Delacruzmouth , AL 09464"
974,REPORT974,STATUS1,ADDRTYPE3,"79585 Susan Drive Apt. 829
East Christopher, CA 53911",Pedestrian,1.0,2.0,0.0,3.0,3,1,0,2023-05-03,2023-10-19 03:25:08,Blowing Sand/Dirt,Snow/Slush,Dark - Street Lights Off,N,Y,"79585 Susan Drive Apt . 829 East Christopher , CA 53911"
975,REPORT975,STATUS3,ADDRTYPE2,"48897 Mark Valleys Suite 153
Port Codyshire, KY 77812",Angles,3.0,0.0,0.0,1.0,0,1,0,2023-08-04,2023-11-24 03:25:08,Sleet/Hail/Freezing Rain,Other,Dark - No Street Lights,Y,N,"48897 Mark Valleys Suite 153 Port Codyshire , KY 77812"
976,REPORT976,STATUS2,ADDRTYPE1,"09015 Phillips Park
Garrettland, CT 70596",Cycles,5.0,1.0,1.0,2.0,3,0,0,2024-02-14,2023-06-03 03:25:08,Blowing Sand/Dirt,Unknown,Dawn,N,N,"09015 Phillips Park Garrettland , CT 70596"
977,REPORT977,STATUS2,ADDRTYPE2,"75625 Kaitlyn Avenue Apt. 631
Lake Randall, MT 00720",Cycles,3.0,2.0,1.0,2.0,2,1,0,2023-05-08,2023-02-26 03:25:08,,,,Y,N,"75625 Kaitlyn Avenue Apt . 631 Lake Randall , MT 00720"
978,REPORT978,STATUS2,ADDRTYPE2,"01732 Luna Circle
Jamesbury, MD 85390",Pedestrian,4.0,2.0,1.0,2.0,2,0,0,2023-04-20,2023-05-16 03:25:08,Other,Other,Dark - Street Lights Off,N,N,"01732 Luna Circle Jamesbury , MD 85390"
979,REPORT979,STATUS2,ADDRTYPE1,"Unit 3352 Box 4259
DPO AA 90384",Pedestrian,3.0,2.0,1.0,3.0,0,0,0,2023-11-10,2023-11-09 03:25:08,Unknown,Other,Unknown,N,Y,Unit 3352 Box 4259 DPO AA 90384
980,REPORT980,STATUS2,ADDRTYPE1,"61679 Jensen Forge Suite 585
Beardmouth, TX 14077",Rear Ended,4.0,1.0,0.0,1.0,1,1,1,2024-01-11,2023-06-21 03:25:08,Other,Other,Other,Y,Y,"61679 Jensen Forge Suite 585 Beardmouth , TX 14077"
981,REPORT981,STATUS1,ADDRTYPE2,"375 Tanner Station
Riceville, PA 61505",Left Turn,4.0,0.0,0.0,3.0,2,0,1,2023-03-15,2023-06-19 03:25:08,Sleet/Hail/Freezing Rain,Sand/Mud/Dirt,Dark - Street Lights On,N,Y,"375 Tanner Station Riceville , PA 61505"
982,REPORT982,STATUS1,ADDRTYPE2,"463 Taylor Terrace Suite 232
Lake David, NE 40284",Angles,5.0,2.0,0.0,2.0,1,0,0,2023-04-29,2023-09-24 03:25:08,Sleet/Hail/Freezing Rain,Snow/Slush,Other,N,Y,"463 Taylor Terrace Suite 232 Lake David , NE 40284"
983,REPORT983,STATUS2,ADDRTYPE1,"6499 Daniel Dam Suite 704
Leahville, RI 04604",Angles,5.0,2.0,0.0,2.0,1,1,1,2023-04-10,2023-09-24 03:25:08,Blowing Sand/Dirt,Standing Water,Dawn,N,N,"6499 Daniel Dam Suite 704 Leahville , RI 04604"
984,REPORT984,STATUS2,ADDRTYPE1,"0182 Sarah Throughway
Nicholaston, IA 52272",Other,4.0,0.0,0.0,2.0,3,0,0,2023-12-07,2023-03-15 03:25:08,Blowing Sand/Dirt,Standing Water,Dark - Street Lights Off,N,Y,"0182 Sarah Throughway Nicholaston , IA 52272"
985,REPORT985,STATUS1,ADDRTYPE1,"315 Michael Squares Apt. 516
East Jamesview, MO 47632",Left Turn,1.0,0.0,1.0,3.0,2,0,1,2023-09-07,2023-12-30 03:25:08,,,,Y,Y,"315 Michael Squares Apt . 516 East Jamesview , MO 47632"
986,REPORT986,STATUS1,ADDRTYPE1,"5651 Brian Trail
New Monicaborough, AR 87571",Parked Car,2.0,0.0,0.0,3.0,3,0,1,2023-03-16,2023-04-24 03:25:08,Raining,Dry,Dusk,Y,Y,"5651 Brian Trail New Monicaborough , AR 87571"
987,REPORT987,STATUS2,ADDRTYPE1,"8714 Ruiz Center Suite 749
Kennethmouth, TN 92954",Rear Ended,3.0,0.0,1.0,2.0,0,1,0,2023-09-10,2023-06-12 03:25:08,Fog/Smog/Smoke,Standing Water,Dusk,Y,Y,"8714 Ruiz Center Suite 749 Kennethmouth , TN 92954"
988,REPORT988,STATUS2,ADDRTYPE2,"75615 Davis Lane Apt. 283
East Darryl, ID 56443",Pedestrian,4.0,2.0,0.0,2.0,2,1,1,2024-02-12,2023-08-15 03:25:08,Raining,Dry,Dark - No Street Lights,Y,Y,"75615 Davis Lane Apt . 283 East Darryl , ID 56443"
989,REPORT989,STATUS1,ADDRTYPE1,"50784 Emma Port
Rhondaland, KS 09332",Left Turn,2.0,2.0,0.0,1.0,0,0,0,2023-12-04,2023-03-15 03:25:08,Fog/Smog/Smoke,Standing Water,Unknown,N,Y,"50784 Emma Port Rhondaland , KS 09332"
990,REPORT990,STATUS3,ADDRTYPE3,"758 Smith Spur Apt. 615
South Johnmouth, NM 76699",Pedestrian,5.0,1.0,1.0,1.0,3,1,0,2023-06-30,2023-10-02 03:25:08,Overcast,Other,Dark - Street Lights Off,Y,Y,"758 Smith Spur Apt . 615 South Johnmouth , NM 76699"
991,REPORT991,STATUS3,ADDRTYPE3,"7283 Barbara Haven
Jenniferchester, OK 38442",Angles,5.0,2.0,0.0,2.0,3,0,0,2023-12-06,2023-08-03 03:25:08,Clear,Unknown,Dark - Street Lights Off,Y,Y,"7283 Barbara Haven Jenniferchester , OK 38442"
992,REPORT992,STATUS3,ADDRTYPE3,"Unit 4837 Box 4223
DPO AE 42534",Rear Ended,4.0,2.0,0.0,1.0,3,0,1,2023-06-09,2023-08-06 03:25:08,Overcast,Sand/Mud/Dirt,Unknown,Y,Y,Unit 4837 Box 4223 DPO AE 42534
993,REPORT993,STATUS1,ADDRTYPE3,"44146 Tina Ridge Suite 495
Hernandezshire, MH 05178",Angles,1.0,0.0,0.0,2.0,2,0,1,2023-09-10,2023-02-27 03:25:08,Blowing Sand/Dirt,Snow/Slush,Other,N,Y,"44146 Tina Ridge Suite 495 Hernandezshire , MH 05178"
994,REPORT994,STATUS1,ADDRTYPE1,"30671 Austin Bridge Suite 580
New Katie, ND 62437",Sideswipe,4.0,1.0,1.0,2.0,3,0,0,2023-12-23,2023-12-27 03:25:08,Raining,Dry,Daylight,Y,N,"30671 Austin Bridge Suite 580 New Katie , ND 62437"
995,REPORT995,STATUS1,ADDRTYPE3,"67528 Stephen Turnpike Suite 585
Anahaven, DE 53727",Other,3.0,0.0,0.0,2.0,0,1,0,2023-03-11,2023-06-27 03:25:08,Overcast,Ice,Dusk,N,N,"67528 Stephen Turnpike Suite 585 Anahaven , DE 53727"
996,REPORT996,STATUS3,ADDRTYPE2,"0180 Long Views Apt. 992
Watsonberg, FM 63442",Other,2.0,2.0,0.0,1.0,1,0,1,2023-07-26,2023-07-21 03:25:08,Unknown,Ice,Dark - Street Lights Off,Y,Y,"0180 Long Views Apt . 992 Watsonberg , FM 63442"
997,REPORT997,STATUS2,ADDRTYPE3,"276 Perez Ramp Suite 017
Derrickstad, GA 15115",Cycles,1.0,2.0,1.0,2.0,2,0,0,2023-10-08,2023-07-17 03:25:08,Sleet/Hail/Freezing Rain,Snow/Slush,Unknown,Y,N,"276 Perez Ramp Suite 017 Derrickstad , GA 15115"
998,REPORT998,STATUS1,ADDRTYPE1,"USNV Martin
FPO AE 04779",Left Turn,4.0,2.0,1.0,2.0,0,1,0,2023-05-29,2023-12-06 03:25:08,Raining,Snow/Slush,Dawn,N,Y,USNV Martin FPO AE 04779
999,REPORT999,STATUS1,ADDRTYPE3,"918 Mays Mall
Ronaldmouth, NE 82443",Pedestrian,3.0,1.0,1.0,1.0,2,0,0,2024-02-18,2024-02-05 03:25:08,Clear,Other,Unknown,Y,Y,"918 Mays Mall Ronaldmouth , NE 82443"
1000,REPORT1000,STATUS1,ADDRTYPE2,"35625 Brown Circles Apt. 155
Samanthamouth, VA 79339",Cycles,3.0,0.0,1.0,2.0,3,1,0,2023-07-04,2023-09-27 03:25:08,Fog/Smog/Smoke,Dry,Dark - Street Lights Off,Y,Y,"35625 Brown Circles Apt . 155 Samanthamouth , VA 79339"